,content_S,id,news_detail
0,['nan'],36809,['nan']
1,[],↵,[]
2,['新国'],36810,['新国']
3,['博迈科'],36811,['博迈科']
4,['恒力'],36812,"['恒力', '股']"
5,['万润科'],36813,['万润科']
6,['近日'],36814,['近日']
7,['近日'],36815,"['近日', '庄']"
8,"['失落', '摘要', '地产股']",36821,"['摘要', '失落', '地产股']"
9,"['失落', '摘要', '地产股']",36822,"['摘要', '失落', '地产股']"
10,"['失落', '摘要', '地产股']",36823,"['摘要', '失落', '地产股']"
11,"['失落', '摘要', '地产股']",36824,"['摘要', '失落', '地产股']"
12,"['失落', '摘要', '地产股']",36825,"['摘要', '失落', '地产股']"
13,"['失落', '摘要', '地产股']",36826,"['摘要', '失落', '地产股']"
14,"['失落', '摘要', '地产股']",36827,"['摘要', '失落', '地产股']"
15,"['失落', '摘要', '地产股']",36828,"['摘要', '失落', '地产股']"
16,"['5G', '北向', 'A股', '净流入', '亿元', '资金', 'MSCI']",37556,"['郭晨凯', ' ', '制图', '上海', '证券报', '⊙', '汪友', ' ', ' ', '费', '天元', ' ', '编辑', ' ', '朱茵', '周三', 'A股', '三大', '股指', '延续', '横盘', '震荡', '趋势', '成交量', '萎缩', '收盘', '上证指数', '报', '2861.42', '点', '下跌', '0.03%', '深证', '成指报', '8746.05', '点', '下跌', '0.03%', '创业板', '指报', '1451.18', '点', '下跌', '0.35%', '沪', '深', '两市', '合计', '成交', '4077.87', '亿元', '较前', '一日', '缩量', '接近', '150', '亿元', '值得', '关注', '北向', '资金', '一改', '净', '流出', '态势', '连续', '净', '买入', '周三', '收盘', '借道', '沪', '深', '股通', '北向', '资金', '合计', '净流入', '30.58', '亿元', '沪', '股通', '净流入', '22.76', '亿元', '深股通', '净流入', '7.82', '亿元', '周一', '周二', '北向', '资金', '净流入', '44.07', '亿元', '10.64', '亿元', '本周', '前', '三个', '交易日', '北向', '资金', '累计', '净流入', '85.29', '亿元', '刚过去', '月份', '北向', '资金', '单月', '净', '卖出', '536.74', '亿元', '流出', '金额', '创下', '历史', '新高', '北向', '资金', '转为', '连续', '净流入', '对此', '业内人士', '分析', '此前', '一轮', '调整', 'A股', '标的', '幅度', '回调', '估值', '便宜', 'MSCI', '纳入', 'A股', '权重', '翻倍', '月底', '正式', '生效', 'A股', '纳入', '富时', '罗素', '指数', '体系', '生效', '合力', '之下', '外资', '恢复', '净流入', '外资', '流向', '发生', '逆转', '市场', '解答', '机构', '对此', '持', '乐观', '态度', '东北', '证券', '月末', '北向', '资金', '流出', '趋势', '收敛', '伊始', '北向', '资金', '转为', '净流入', 'MSCI', '扩容', '之外', '流入', '额', '北向', '资金', '动向', '偏', '信号', 'A股', '市场', '估值', '结构', '2012', '底部', '长期', '配置', '性价比', '高', '华创', '证券', '指出', '伴随', 'A股', '入富', '下半年', '两次', 'MSCI', '扩容', '投资', '权益', '比例', '放松', '银行', '理财', '子公司', '加速', '预计', '中长期', '外资', '持续', '流入', '新一轮', '行情', '主导力量', '指数', '平静', '表象', '昨日', '市场', '局部', '热点', '演绎', '风生水', '5G', '概念', '连续', '爆发', '多只', '个股', '走出', '连板', '走势', '农业', '稀土', '永磁', '前期', '热门', '题材', '再度', '走强', '券商', '权重', '板块', '呈现', '复苏', '迹象', '5G', '概念', '无疑', '本周', '市场', '最强', '主线', '东财', '5G', '概念', '指数', '连续', '拉升', '整体', '涨幅', '接近', '5%', '个股', '更是', '接连', '掀起', '涨停', '潮', '领涨', '龙头', '铭普光', '磁', '近期', '股价', '狂揽', '连板', '华脉', '科技', '欣天', '科技', '收获', '连板', '面上', '工业', '信息化', '部将', '近期', '发放', '5G', '商用', '牌照', '宣告', '我国', '正式', '5G', '商用', '元年', '招商', '证券', '历史数据', '指出', '3G', '牌照', '发放', '通信', '行业', '股价', '最高点', '涨幅', '98%', '持续时间', '约', '4G', '牌照', '发放', '通信', '行业', '最高点', '涨幅', '243%', '持续时间', '约', '半左右', '招商', '证券', '站', '点', '坚定', '看好', '5G', '产业', '未来', '两至', '三年', '投资', '价值', '建议', '三条', '明线', '布局', '5G', '基础', '设备', '建设', '5G', '下游', '爆发', '5G', '带来', 'IT', '云化', '关注', '核心', '元器件', '进口', '带来', '自主', '可控', '机遇', '农业', '板块', '短暂', '调整', '卷土重来', '万向', '德农', '敦煌', '种业', '苏垦', '农发', '多股', '收获', '涨停', '稀土', '永磁', '板块', '重拾', '升势', '新', '领涨', '龙头', '国泰', '集团', '收获', '连板', '银河', '磁体', '德宏', '股份', '收获', '涨停', '券商', '板块', '午后', '一度', '异动', '带动', '上证综指', '短暂', '冲高', '收盘', '华林', '证券', '上涨', '6.47%', '本周', '累计', '涨幅', '14%', '光大', '证券', '涨', '逾', '3%', '海']"
17,"['5G', '北向', 'A股', '净流入', '亿元', '资金', 'MSCI']",37557,"['郭晨凯', ' ', '制图', '上海', '证券报', '⊙', '汪友', ' ', ' ', '费', '天元', ' ', '编辑', ' ', '朱茵', '周三', 'A股', '三大', '股指', '延续', '横盘', '震荡', '趋势', '成交量', '萎缩', '收盘', '上证指数', '报', '2861.42', '点', '下跌', '0.03%', '深证', '成指报', '8746.05', '点', '下跌', '0.03%', '创业板', '指报', '1451.18', '点', '下跌', '0.35%', '沪', '深', '两市', '合计', '成交', '4077.87', '亿元', '较前', '一日', '缩量', '接近', '150', '亿元', '值得', '关注', '北向', '资金', '一改', '净', '流出', '态势', '连续', '净', '买入', '周三', '收盘', '借道', '沪', '深', '股通', '北向', '资金', '合计', '净流入', '30.58', '亿元', '沪', '股通', '净流入', '22.76', '亿元', '深股通', '净流入', '7.82', '亿元', '周一', '周二', '北向', '资金', '净流入', '44.07', '亿元', '10.64', '亿元', '本周', '前', '三个', '交易日', '北向', '资金', '累计', '净流入', '85.29', '亿元', '刚过去', '月份', '北向', '资金', '单月', '净', '卖出', '536.74', '亿元', '流出', '金额', '创下', '历史', '新高', '北向', '资金', '转为', '连续', '净流入', '对此', '业内人士', '分析', '此前', '一轮', '调整', 'A股', '标的', '幅度', '回调', '估值', '便宜', 'MSCI', '纳入', 'A股', '权重', '翻倍', '月底', '正式', '生效', 'A股', '纳入', '富时', '罗素', '指数', '体系', '生效', '合力', '之下', '外资', '恢复', '净流入', '外资', '流向', '发生', '逆转', '市场', '解答', '机构', '对此', '持', '乐观', '态度', '东北', '证券', '月末', '北向', '资金', '流出', '趋势', '收敛', '伊始', '北向', '资金', '转为', '净流入', 'MSCI', '扩容', '之外', '流入', '额', '北向', '资金', '动向', '偏', '信号', 'A股', '市场', '估值', '结构', '2012', '底部', '长期', '配置', '性价比', '高', '华创', '证券', '指出', '伴随', 'A股', '入富', '下半年', '两次', 'MSCI', '扩容', '投资', '权益', '比例', '放松', '银行', '理财', '子公司', '加速', '预计', '中长期', '外资', '持续', '流入', '新一轮', '行情', '主导力量', '指数', '平静', '表象', '昨日', '市场', '局部', '热点', '演绎', '风生水', '5G', '概念', '连续', '爆发', '多只', '个股', '走出', '连板', '走势', '农业', '稀土', '永磁', '前期', '热门', '题材', '再度', '走强', '券商', '权重', '板块', '呈现', '复苏', '迹象', '5G', '概念', '无疑', '本周', '市场', '最强', '主线', '东财', '5G', '概念', '指数', '连续', '拉升', '整体', '涨幅', '接近', '5%', '个股', '更是', '接连', '掀起', '涨停', '潮', '领涨', '龙头', '铭普光', '磁', '近期', '股价', '狂揽', '连板', '华脉', '科技', '欣天', '科技', '收获', '连板', '面上', '工业', '信息化', '部将', '近期', '发放', '5G', '商用', '牌照', '宣告', '我国', '正式', '5G', '商用', '元年', '招商', '证券', '历史数据', '指出', '3G', '牌照', '发放', '通信', '行业', '股价', '最高点', '涨幅', '98%', '持续时间', '约', '4G', '牌照', '发放', '通信', '行业', '最高点', '涨幅', '243%', '持续时间', '约', '半左右', '招商', '证券', '站', '点', '坚定', '看好', '5G', '产业', '未来', '两至', '三年', '投资', '价值', '建议', '三条', '明线', '布局', '5G', '基础', '设备', '建设', '5G', '下游', '爆发', '5G', '带来', 'IT', '云化', '关注', '核心', '元器件', '进口', '带来', '自主', '可控', '机遇', '农业', '板块', '短暂', '调整', '卷土重来', '万向', '德农', '敦煌', '种业', '苏垦', '农发', '多股', '收获', '涨停', '稀土', '永磁', '板块', '重拾', '升势', '新', '领涨', '龙头', '国泰', '集团', '收获', '连板', '银河', '磁体', '德宏', '股份', '收获', '涨停', '券商', '板块', '午后', '一度', '异动', '带动', '上证综指', '短暂', '冲高', '收盘', '华林', '证券', '上涨', '6.47%', '本周', '累计', '涨幅', '14%', '光大', '证券', '涨', '逾', '3%', '海']"
18,"['特大', '净流入', '流出', '亿元', '资金', '单净', '行业']",37560,"['超级', '大单', '震荡', '行情', '股票', '遭', '特大', '大幅', '抛售', '来源', '证券时报', '沪', '指', '高开低走', '中国', '平安', '金逸', '影视', '紫光', '国微', '浙江', '龙盛', '特大', '单净', '流出', '超', '亿元', '周三', '沪', '指', '高开低走', '收盘', '微跌', 'K', '线', '连阴', '深成指', '创业板', '指', '微跌', '收盘', '市场', '成交', '低迷', '两市', '成交', '4100', '亿元', '处于', '阶段', '低位', '北上', '资金', '全天', '净流入', '约', '亿元', '连续', '净流入', '沪', '股通', '净流入', '亿元', '深股通', '净流入', '亿元', '盘面', '农业', '板块', '卷土重来', '领涨', '概念', '板块', '众兴菌业', '万向', '德农', '荃', '银高科', '新赛', '股份', '逾', '股', '集体', '涨停', '5G', '板块', '延续', '强势', '国脉', '科技', '欣天', '科技', '汇源', '通信', '京泉华', '股', '涨停', '送转', '填权', '石油', '黄金', '板块', '不俗', '表现', '医药', '板块', '领跌', '大叁', '林', '恩华', '制药', '一心', '堂', '跌', '逾', '5%', '分行业', '申万', '一级', '行业', '涨跌互现', '通信', '房地产', '领涨', '涨幅', '2.16%', '1.03%', '下跌', '行业', '中', '医药', '生物', '收盘', '下挫', '2.47%', '跌幅', '居首', '行业', '跌幅', '1%', '特大', '资金', '动向', '沪', '深', '两市', '全天', '特大', '小幅', '净', '流出', '1.87', '亿元', '共计', '1032', '股', '特大', '净流入', '1442', '股', '特大', '单净', '流出', '申万', '一级', '行业', '今日', '行业', '特大', '资金', '净流入', '通信', '特大', '净流入', '规模', '居首', '净流入', '资金', '11.05', '亿元', '银行', '农林牧渔', '净流入', '资金', '约', '亿元', '特大', '资金', '净', '流出', '行业', '中', '净', '流出', '资金', '最多', '医药', '生物', '特大', '单净', '流出', '资金', '9.5', '亿元', '交通运输', '特大', '单净', '流出', '资金', '4.4', '亿元', '净', '流出', '资金', '居前', '电子', '化工', '行业', '个股', '股', '特大', '净流入', '超', '亿元', '中兴通讯', '特大', '净流入', '5.22', '亿元', '净流入', '资金', '规模', '居首', '北大荒', '维权', '特大', '净流入', '资金', '2.66', '亿元', '位列', '净流入', '资金', '居前', '农业银行', '中信证券', '富春', '股份', '股价', '表现', '特大', '资金', '净流入', '超', '亿元', '个股', '今日', '平均', '上涨', '5.75%', '表现', '强于', '沪', '指', '个股', '今日', '全线', '上涨', '通信', '行业龙头', '中兴通讯', '今日', '大涨', '逾', '5%', '最新', '价', '站上', '均线', '富春', '股份', '广电', '网络', '综艺', '股份', '明阳', '电路', '股则', '涨停', '收盘', '所属', '行业', '特大', '净流入', '资金', '居前', '个股', '中', '非银', '金融', '传媒', '农林牧渔', '行业', '最为', '上榜', '个股', '特大', '单净', '流出', '股中', '今日', '股净', '流出', '超', '亿元', '中国', '平安', '特大', '单净', '流出', '资金', '5.1', '亿元', '净', '流出', '资金', '金逸', '影视', '位居', '净', '流出', '3.83', '亿元', '股自', '上周四', '过山车', '走势', '连续', '跌停', '今日', '盘中', '短暂', '打开', '跌停', '再度', '封单', '封死', '跌停', '紫光', '国微', '位列', '第三', '净', '流出', '2.08', '亿元', '连续', '天', '位居', '净', '流出', '资金', '规模', '前列', '浙江', '龙盛', '紧随其后', '净', '流出', '资金', '2.07', '亿元', '收盘价', '再创', '调整', '新低', '年内', '高点', '回撤', '40%', '声明', '数据', '宝', '资讯', '内容', '投资', '建议', '股市']"
19,"['债转股', '企业', '法治化', '市场化', '连维良', '落地', '资管']",37643,"['推动', '市场化', '法治化', '债转股', '稳', '增长', '防', '风险', '工作', '吹风会', '昨日', '债转股', '投放', '落地', '规模', '万亿元', ' ', '涉及', '行业', '106', '家', '企业', '2019', '月末', '债转股', '签约', '金额', '2.3', '万亿元', '投放', '落地', '9095', '亿元', '国新办', '新闻', '发布会', '国家', '发展', '改革', '委副', '主任', '连维良', '已有', '106', '家', '企业', '367', '项目', '实施', '债转股', '实施', '债转股', '行业', '区域', '覆盖面', '不断扩大', '涉及', '钢铁', '有色', '煤炭', '电力', '交通运输', '行业', '连维良', '介绍', '各项', '工作', '市场化', '法治化', '债转股', '工作', '稳', '增长', '促', '改革', '防', '风险', '成效', '企业', '杠杆', '率', '2018', '年末', '我国', '总体', '杠杆', '率为', '249.4%', '2017', '年末', '降低', '1.5', '百分点', '债转股', '工作', '增强', '优质', '企业', '资本', '实力', '综合', '竞争力', '优质', '企业', '债转股', '占', '落地', '规模', '一半', '债转股', '工作', '推动', '出险', '企业', '债务', '稳妥', '有序', '处置', '深化', '国有企业', '改组', '改制', '支持', '民营', '经济', '发展', '市场化', '法治化', '债转股', '降', '杠杆', '减', '负债', '一项', '措施', '有效途径', '优化', '企业', '资本', '结构', '降低', '企业', '债务', '风险', '减轻', '企业', '债务', '负担', '发挥', '作用', '中央', '企业', '角度', '中央', '企业', '市场化', '债转股', '工作', '进展', '国资委', '财务', '监管局', '负责人', '王海琳', '给出', '数据', '显示', '一季度', '末', '中央', '企业', '资产负债率', '65.7%', '同比', '下降', '0.2', '百分点', '家', '中央', '企业', '资产负债率', '下降', '特别', '冶金', '火电', '建筑', '产能', '过剩', '高', '负债', '行业', '负债率', '下降', '已有', '中国', '宝武', '国家', '电投', '中', '船', '重工', '家', '中央', '企业', '银行', '机构', '签订', '市场化', '债转股', '协议', '签约', '规模', '超过', '5000', '亿元', '落地', '金额', '超过', '3000', '亿元', '连维良', '称', '效果', '说', '成功', '国家', '电力', '投资', '集团', '中国', '船舶', '中国', '重工', '宝武', '钢铁', '高', '负债', '企业', '实施', '债转股', '企业', '资产负债率', '下降', '减轻', '企业财务', '负担', '增强', '企业', '资本', '实力', '竞争力', '东北', '特钢', '重庆', '钢铁', '债转股', '引入', '战略', '投资者', '实施', '重组', '发展', '混合', '所有制', '企业', '长期', '亏损', '状况', '扭转', '市场化', '法治化', '债转股', '社会', '力量', '参与', '意义', '连维良', '称', '一步', '吸引', '社会', '力量', '参与', '市场化', '法治化', '债转股', '强化', '依法', '平等', '保护', '社会', '资本', '权益', '支持', '金融资产', '投资', '公司', '发起', '设立', '资管', '产品', '支持', '保险资金', '长', '期限', '资金', '投资', '探索', '公募', '资管', '产品', '依法', '合规', '参与', '债转股', '证券日报', '原', '银监会', '已于', '2017', '批准', '家', '大型', '商业银行', '成立', '金融资产', '投资', '公司', '专注', '实施', '市场化', '法治化', '债转股', '银', '保监会', '统计', '信息', '风险', '监测', '部', '负责人', '刘志清', '透露', '金融资产', '投资', '公司', '落地', '实施', '债转股', '项目', '254', '落地', '金额', '4000', '亿元', '私募', '股权', '投资', '基金', '私募', '资管', '产品', '渠道', '募集', '社']"
20,"['回购', 'Shibor', '流动性', '天逆', '央行', '基点', '亿元']",37644,"['\xa0', '刘', '琪', '上周', '对冲', '税期', '高峰', '政府', '债券', '发行', '缴款', '因素', '影响', '维护', '银行', '体系', '流动性', '充裕', '央行', '日以', '利率', '招标', '方式', '展开', '800', '亿元', '200', '亿元', '逆', '回购', '操作', '央行', '银行', '体系', '流动性', '总量', '处于', '充裕', '水平', '逆', '回购', '暂停', '两天', '逆', '回购', '本周一', '央行', '开启', '逆', '回购', '操作', '周二', '周三', '连续', '逆', '回购', '逆', '回购', '金额', '加码', '央行', '利率', '招标', '方式', '800', '亿元', '天逆', '回购', '央行', '对冲', '逆', '回购', '到期', '因素', '影响', '维护', '银行', '体系', '流动性', '充裕', '利率', '招标', '方式', '1500', '亿元', '天逆', '回购', '央行', '维护', '银行', '体系', '流动性', '充裕', '利率', '招标', '方式', '2700', '亿元', '天逆', '回购', '三天', '逆', '回购', '中标', '利率', '2.55%', '800', '亿元', '200', '亿元', '天逆', '回购', '到期', '本周', '周三', '央行', '净', '投放', '达', '4000', '亿元', '上海银行', '间', '同业', '拆放', '利率', 'Shinbor', '上涨', '涨幅', '缓慢', 'Shibor', '上涨', '9.4', '基点', '报', '2.76%', '天', 'Shibor', '上涨', '11.2', '基点', '报', '2.823%', '天', 'Shibor', '上涨', '15.2', '基点', '报', '2.955%', 'Shibor', '回落', '下降', '26.9', '基点', '报', '2.491%', '天', 'Shibor', '下降', '3.8', '基点', '报', '2.785%', '天', 'Shibor', '上涨', '2.6', '基点', '报', '2.981%', '受', '银行业', '突发事件', '影响', '银行', '间', '流动性', '边际', '收紧', '分析', '人士', '证券日报', '突发事件', '打破', '同业', '存单', '刚兑', '预期', '加剧', '中小银行', '流动性', '压力', '各家', '金融机构', '概率', '加大', '同业', '拆借', '质押', '式', '回购', '业务', '风控', '审查', '时间', '重塑', '传统', '业务', '标准', '银行', '非银', '机构', '流动性', '来源', '非', '银', '机构', '视作', '流动性', '保障', '银行业', '突发事件', '非', '银', '机构', '流动性', '管理', '冲击', '分析', '人士', '央行', '三日', '大额', '投放', '稳定', '市场', '预期', '恐慌', '情绪', '蔓延', '化解', '突发事件', '风险', '提供', '坚实基础', '中信证券', '固定', '收益', '首席', '分析师', '明明', '接受', '本报记者', '采访', '今年以来', '货币政策', '总体', '稳健', '中性', '流动性', '整体']"
21,"['回购', 'Shibor', '流动性', '天逆', '央行', '基点', '亿元']",37645,"['\xa0', '刘', '琪', '上周', '对冲', '税期', '高峰', '政府', '债券', '发行', '缴款', '因素', '影响', '维护', '银行', '体系', '流动性', '充裕', '央行', '日以', '利率', '招标', '方式', '展开', '800', '亿元', '200', '亿元', '逆', '回购', '操作', '央行', '银行', '体系', '流动性', '总量', '处于', '充裕', '水平', '逆', '回购', '暂停', '两天', '逆', '回购', '本周一', '央行', '开启', '逆', '回购', '操作', '周二', '周三', '连续', '逆', '回购', '逆', '回购', '金额', '加码', '央行', '利率', '招标', '方式', '800', '亿元', '天逆', '回购', '央行', '对冲', '逆', '回购', '到期', '因素', '影响', '维护', '银行', '体系', '流动性', '充裕', '利率', '招标', '方式', '1500', '亿元', '天逆', '回购', '央行', '维护', '银行', '体系', '流动性', '充裕', '利率', '招标', '方式', '2700', '亿元', '天逆', '回购', '三天', '逆', '回购', '中标', '利率', '2.55%', '800', '亿元', '200', '亿元', '天逆', '回购', '到期', '本周', '周三', '央行', '净', '投放', '达', '4000', '亿元', '上海银行', '间', '同业', '拆放', '利率', 'Shinbor', '上涨', '涨幅', '缓慢', 'Shibor', '上涨', '9.4', '基点', '报', '2.76%', '天', 'Shibor', '上涨', '11.2', '基点', '报', '2.823%', '天', 'Shibor', '上涨', '15.2', '基点', '报', '2.955%', 'Shibor', '回落', '下降', '26.9', '基点', '报', '2.491%', '天', 'Shibor', '下降', '3.8', '基点', '报', '2.785%', '天', 'Shibor', '上涨', '2.6', '基点', '报', '2.981%', '受', '银行业', '突发事件', '影响', '银行', '间', '流动性', '边际', '收紧', '分析', '人士', '证券日报', '突发事件', '打破', '同业', '存单', '刚兑', '预期', '加剧', '中小银行', '流动性', '压力', '各家', '金融机构', '概率', '加大', '同业', '拆借', '质押', '式', '回购', '业务', '风控', '审查', '时间', '重塑', '传统', '业务', '标准', '银行', '非银', '机构', '流动性', '来源', '非', '银', '机构', '视作', '流动性', '保障', '银行业', '突发事件', '非', '银', '机构', '流动性', '管理', '冲击', '分析', '人士', '央行', '三日', '大额', '投放', '稳定', '市场', '预期', '恐慌', '情绪', '蔓延', '化解', '突发事件', '风险', '提供', '坚实基础', '中信证券', '固定', '收益', '首席', '分析师', '明明', '接受', '本报记者', '采访', '今年以来', '货币政策', '总体', '稳健', '中性', '流动性', '整体']"
22,"['上市公司', '质量', '提高', '市场', '要务', '中国', '三板斧']",37646,"['今日', '视点', '提高', '上市公司', '质量', ' ', '三板斧', '日前', '证监会', '主席', '易会', '接受', '采访', '上市公司', '质量', '资本', '市场', '支撑', '基石', '提高', '上市公司', '质量', '一项', '宏大', '系统工程', '上市公司', '监管者', '投资者', '市场', '参与方', '共同努力', '美国', '中国', '制造', '产品', '加征', '关税', '越来越', '烈', '易会', '主席', '此番', '表态', '中国', '经济', '领头羊', '中国', '上市公司', '寻求', '新', '发展', '规划', '新', '路径', '伴随', '外部', '市场', '不确定性', '增加', '上市公司', '加大', '创新', '力度', '提高', '自主', '研发', '能力', '提高', '产品', '市场', '竞争力', '企业', '长期', '持续', '发展', '上市公司', '更要', '苦练内功', '推动', '经济', '高质量', '发展', '中', '发挥', '头雁', '效应', '提高', '上市公司', '质量', '努力', '创新', '提高', '上市公司', '质量', '第一', '要务', '透视', '中国', '证券市场', '发展', '历程', '不难', '发现', '主板', '公司', '中小板', '公司', '创业板', '公司', '亮相', '科', '创板', '公司', '创新', '始终', '贯穿', '受益', '证券市场', '大力支持', '上市公司', '资金投入', '新', '产品', '新', '技术', '研发', '之中', '耳熟能详', '名扬天下', '5G', '技术', '中国', '高铁', '中国家电', '一张', '张', '代表', '中国', '制造', '崭新', '名片', '缺', '投资者', '携手', '支持', '与此相反', '案例', '直白', '公司', '上市', '不思进取', '产品', '老三样', '缺乏', '创新', '跟不上', '时代', '步伐', '走到', '保壳', '退市', '地步', '并购', '提高', '上市公司', '质量', '要务', '国内外', '企业', '发展', '历程', '上市公司', '想', '做', '做', '强', '并购', '一道', '迈', '坎', '马钢', '股份', '600808', '发布公告', '称', '安徽省', '国资委', '持有', '马钢', '集团', '51%', '股权', '无偿', '划转', '中国', '宝武', '无疑', '推动', '中国', '宝武', '全球', '钢铁业', '引领者', '远大', '愿景', '进一步', '打造', '钢铁', '领域', '世界级', '技术创新', '产业', '投资', '资本', '运营', '平台', '类似', '并购', '越来越', '中国', '上市公司', '整体', '质量', '提升', '国际化', '提高', '上市公司', '质量', '第三', '要务', '近期', '中', '美', '贸易', '摩擦', '国内', '上市公司', '国际化', '布局', '带来', '些许', '影响', '因噎废食', '减缓', '国内', '上市公司', '进军', '国际', '市场', '步伐', '鞭策', '上市公司', '更深', '融入', '国际', '市场', '国际', '市场', '国内', '上市公司', '依赖性', '加深', '上市公司', '练', '内功', '基础', '寻求', '国际', '各类', '企业', '合作', '机会', '共享', '市场', '共享', '机会', '证监会', '抓紧', '研究', '制定', '提高', '上市公司', '质量', '行动计划', '希望', '努力', '引导', '上市公司', '经营', '稳健', '运作', '规范', '信披', '真实有效', '主业', '创新能力', '核心', '竞争力', '增强', '投资者', '回报', '机制', '持续', '优化', '上市公司', '质量', '较大', '提升', '上市公司', '监管者', '投资者', '市场', '参与方', '共同努力', '玩转', '提高', '上市公司', '质量', '三板斧', '国内', '上市公司', '迎来', '发']"
23,"['增速', '环比', '预计', '偏弱', '社融', 'CPI', '假期']",37647,"['宏观', '基本面', '数据', '仍显', '疲弱', '通胀', '迎来', '年内', '最高点', '经济', '金融', '数据', '前瞻', '中信证券', '研究', '\xa0', '文', '丨', '诸建芳', ' ', '刘博阳', '经济', '面料', '较弱', '水平', '地产', '基建', '仍稳', '制造业', '拖累', '预期', '工业', '增加值', '投资', '增速', '难', '改善', '环比', '持平', '受此', '影响', '信贷', '需求', '偏弱', '信贷', '社融', '难', '高增', '社融', '增速', '预计', '10.5%', '环比', '略增', '0.1', '百分点', '物价', 'CPI', '猪价', '持续', '上涨', '达', '年内', '高点', 'PPI', '有望', '正', '增长', '▍', '工业', '高频', '数据', '涨跌互现', '预计', '工业', '增加值', '增速', '低位', '高炉', '开工率', '环比', '进一步', '抬', '70%', '运行', 'Mysteel', '数据', '钢产量', '增速', '水平', '地产', '新开工', '施工', '表现', '相关', '六大', '电厂', '发电', '耗煤量', '同比', '增长', '18.9%', '回落', '5.3%', '去年同期', '高', '基数', '因素', '整体', '表现', '依然', '不尽人意', '综合', '整体', '制造业', '投资', '出口', '景气', '程度', '判断', '预计', '工业', '增加值', '增速', '低位', '预期', '5.5%', '▍', '投资', '地产', '基建', '支撑', '固定资产', '投资', '增速', '预计', '6.2%', '高频', '数据', '观察', '钢产量', '新开工', '面积', '施工', '增速', '土拍', '热度', '水平', '地产', '投资', '短期', '高水平', '料', '两位数', '增速', '拉动', '整体', '固定资产', '投资', '近期', '增速', '基建', '判断', '持续', '环比', '修复', '受限于', '资金', '端', '环比', '改善', '幅度', '料', '有限', '制造业', '整体', '压力', '凸显', '受', '经贸', '摩擦', '扰动', 'PMI', '指标', '判断', '低位', '运行', '综合', '预计', '固定资产', '投资', '增速', '环比', '小幅', '改善', '0.1', '百分点', '6.2%', '▍', '消费', '五一', '长假', '带动', '消费', '增长', '环比', '回升', '消费', '假期', '因素', '影响', '预计', '同比', '环比', '改善', '因素', '两点', '五一', '长假', '恢复', '假期', '天数', '去年同期', '有所增加', '带动', '消费', '增长', '五一', '假期', '后移', '促使', '消费', '同步', '后移', '去年', '五一', '假期', '中', '天在', '假期', '预计', '汽车', '消费', '国五国', '切换', '影响', '持续', '拖累', '整体', '消费', '跌幅', '收窄', '整体', '预计', '社会', '消费品', '零售总额', '同比', '增速', '8.9%', '▍', '进出口', '内外', '需求', '偏弱', '叠加', '加税', '升级', '拖累', '进出口', '增速', '内外', '需求', '表现', '偏弱', '中国', '制造业', 'PMI', '回落', '到荣', '枯', '线下', '49.4%', '美国', 'PMI', '持续', '回落', '欧日', '处于', '荣枯', '线下', '预计', '需求', '偏弱', '叠加', '加税', '冲击', '出口', '金额', '增速', '进一步', '回落', '5%', '进口', '增速', '2%', '美元', '计', '▍', '物价水平', 'CPI', '或涨', '年内', '最高点', 'PPI', '上涨', '猪价', '环比', '前期', '产能', '去化', '价格', '持续', '助推', '作用', '农业', '农村部', '数据', '显示', '鲜菜', '价格', '环比', '回落', '基数', '原因', '推升', 'CPI', '鲜菜', '价格', '同比', '上涨', '去年同期', '低', '基数', '食品', '价格', '推升', '通胀', '升至', '年内', '高点', '因素', '非', '食品', '经济', '基本面', '疲弱', '制约', '非', '食品', '价格', '回温', '综合', 'CPI', '同比', '或涨', '2.8%', '年内', '最高值', '工业品', '层面', 'PPI', '环比', '前值', '0.3%', '下降', '同比', '增速', '0.4%', '▍', '金融', '数据', '预计', 'M2', '持平', '前', '社融', '增速', '环比', '微', '增至', '10.5%', '社融', '预计', '社融', '增速', '小幅', '回升', '0.1', '百分点', '10.5%', '当月', '新增', '1.18', '万亿', '高于', '去年同期', '0.95', '万亿', '水平', '月整']"
24,"['并购', '重组', '上市公司', '审核', '基金', '定向', '杨帆']",37648,"['证监会', '主席', '易会', '接受', '媒体', '采访', '证监会', '进一步', '优化', '并购', '重组', '制度', '推进', '定向', '可转债', '并购', '试点', '常态', '化', '符合国家', '发展', '战略', '有利于', '强化', '自主', '创新', '实力', '核心', '竞争力', '资产', '加快', '注入', '上市公司', '推动', '市场', '科技', '资本', '高效', '融合', '预计', '未来', '上市公司', '并购', '重组', '有望', '进一步', '市场化', '方向', '推进', '中信证券', '研究所', '首席', '政策', '分析师', '杨帆', '接受', '证券日报', '采访', '未来', '并购', '重组', '支付', '工具', '有望', '多元化', '鼓励', '发展', '私募', '股权', '基金', '定向', '可转债', '并购', '基金', '杨帆', '并购', '重组', '后续', '参考', '2019', '发布', '深圳证券交易所', '上市公司', '信息', '披露', '指引', '号', '资产重组', '简政放权', '删减', '原', '重组', '停复牌', '相关', '简化', '重组', '方案', '报送', '材料', '披露', '中介机构', '核查', '给予', '适度', '弹性', '优化', '重组', '冷淡', '期', '安排', '补齐', '规则', '短板', '完善', '内幕', '信息', '防控', '机制', '细化', '并购', '重组', '委', '会议', '停复牌', '安排', '强化', '重组', '实施', '持续', '监管', '终止', '筹划', '重组', '审议', '程序', '披露', '增强', '重组', '监管', '约束', '机制', '今年以来', '并购', '重组', '回暖', '2019', '上市公司', '中', '并购', '事项', '1438', '件', '2018', '同期', '这一', '数字', '536', '件', '2017', '同期', '这一', '数字', '573', '件', '杨帆', '并购', '重组', '回暖', '监管', '层', '深化', '并购', '重组', '市场化', '改革', '密集', '出台', '多项', '政策措施', '很大', '关系', '优化', '审核', '流程', '提高', '审核', '效率', '推出', '小额', '快速', '审核', '机制', '资产重组', '小额', '并购', '交易', '简化', '程序', '快速', '审核', '优化', '分道制', '审核', '安排', '新一代', '信息技术', '国家', '重点', '创新', '领域', '产业', '纳入', '豁免', '快速', '通道', '产业', '类型', '并购', '重组', '上市公司', '资本运作', '现代化', '经营', '方式', '培育', '行业龙头', '企业', '做', '做', '强', '重要途径', '国信', '证券', '高级', '研究员', '张立超', '接受', '证券日报', '采访', '推进', '并购', '重组', '有助于', '整合', '上市公司', '淘汰', '落后', '产能', '提升', '企业', '经营', '管理', '质量', '张立超', '未来', '进一步', '支持', '上市公司', '并购', '重组', '方式', '经济', '结构', '转型', '一是', '支持', '企业', '并购', '重组', '促', '产业', '升级', '支持', '引导', '企业', '整体', '上市', '定向', '增发', '资产', '收购', '形式', '并购', '重组', '对以', '行业', '整合', '结构', '转型', '产业', '升级', '目标', '并购', '重组', '推出', '快速', '审核', '通道', '简化', '审批', '流程', '推动', '中概', '股', '上市公司', '并购', '重组', '回归', 'A股', '先进', '制造', '信息技术', '能源', '基建', '消费品', '医疗', '文化教育', '领域', '释放', '一带', '一路', '沿线', '跨境', '并购', '新', '动能', '二是', '加快', '设立', '并购', '基金', '鼓励', '条件', '企业', '投资', '机构', '上市公司', '发起', '设立', '并购', '基金', '探索', '政府', '引导', '资金', '参与', '并购', '基金', '设立', '运作', '集聚', '社会', '资本', '并购', '基金', '监管', '上市公司', '监管', '并购', '基金', '管理', '责任', '强化', '信息', '披露', '完善', '溢价', '出售', '股权', '挂牌', '转让', '资产', '证券化', '并购', '基金', '投资人', '退出', '渠道', '三是', '充分发挥', '资本', '市场', '作用', '鼓励', '符合条件', '上市公司', '公开', '定向', '增发', '公司债券', '企业债券', '转换', '债券', '并购', '重组', '私募', '债券', '方式', '并购', '重组', '发行', '优先股', '定向', '发行', '转换', '债券', '兼并', '重组', '支付', '方式', '支持', '证券公司', '资产', '管理', '公司', '创业投资', '公司', '股权', '投资', '基金', '产业', '投资', '基金', '机构', '参与', '上市公司']"
25,"['并购', '重组', '上市公司', '审核', '基金', '定向', '杨帆']",37649,"['证监会', '主席', '易会', '接受', '媒体', '采访', '证监会', '进一步', '优化', '并购', '重组', '制度', '推进', '定向', '可转债', '并购', '试点', '常态', '化', '符合国家', '发展', '战略', '有利于', '强化', '自主', '创新', '实力', '核心', '竞争力', '资产', '加快', '注入', '上市公司', '推动', '市场', '科技', '资本', '高效', '融合', '预计', '未来', '上市公司', '并购', '重组', '有望', '进一步', '市场化', '方向', '推进', '中信证券', '研究所', '首席', '政策', '分析师', '杨帆', '接受', '证券日报', '采访', '未来', '并购', '重组', '支付', '工具', '有望', '多元化', '鼓励', '发展', '私募', '股权', '基金', '定向', '可转债', '并购', '基金', '杨帆', '并购', '重组', '后续', '参考', '2019', '发布', '深圳证券交易所', '上市公司', '信息', '披露', '指引', '号', '资产重组', '简政放权', '删减', '原', '重组', '停复牌', '相关', '简化', '重组', '方案', '报送', '材料', '披露', '中介机构', '核查', '给予', '适度', '弹性', '优化', '重组', '冷淡', '期', '安排', '补齐', '规则', '短板', '完善', '内幕', '信息', '防控', '机制', '细化', '并购', '重组', '委', '会议', '停复牌', '安排', '强化', '重组', '实施', '持续', '监管', '终止', '筹划', '重组', '审议', '程序', '披露', '增强', '重组', '监管', '约束', '机制', '今年以来', '并购', '重组', '回暖', '2019', '上市公司', '中', '并购', '事项', '1438', '件', '2018', '同期', '这一', '数字', '536', '件', '2017', '同期', '这一', '数字', '573', '件', '杨帆', '并购', '重组', '回暖', '监管', '层', '深化', '并购', '重组', '市场化', '改革', '密集', '出台', '多项', '政策措施', '很大', '关系', '优化', '审核', '流程', '提高', '审核', '效率', '推出', '小额', '快速', '审核', '机制', '资产重组', '小额', '并购', '交易', '简化', '程序', '快速', '审核', '优化', '分道制', '审核', '安排', '新一代', '信息技术', '国家', '重点', '创新', '领域', '产业', '纳入', '豁免', '快速', '通道', '产业', '类型', '并购', '重组', '上市公司', '资本运作', '现代化', '经营', '方式', '培育', '行业龙头', '企业', '做', '做', '强', '重要途径', '国信', '证券', '高级', '研究员', '张立超', '接受', '证券日报', '采访', '推进', '并购', '重组', '有助于', '整合', '上市公司', '淘汰', '落后', '产能', '提升', '企业', '经营', '管理', '质量', '张立超', '未来', '进一步', '支持', '上市公司', '并购', '重组', '方式', '经济', '结构', '转型', '一是', '支持', '企业', '并购', '重组', '促', '产业', '升级', '支持', '引导', '企业', '整体', '上市', '定向', '增发', '资产', '收购', '形式', '并购', '重组', '对以', '行业', '整合', '结构', '转型', '产业', '升级', '目标', '并购', '重组', '推出', '快速', '审核', '通道', '简化', '审批', '流程', '推动', '中概', '股', '上市公司', '并购', '重组', '回归', 'A股', '先进', '制造', '信息技术', '能源', '基建', '消费品', '医疗', '文化教育', '领域', '释放', '一带', '一路', '沿线', '跨境', '并购', '新', '动能', '二是', '加快', '设立', '并购', '基金', '鼓励', '条件', '企业', '投资', '机构', '上市公司', '发起', '设立', '并购', '基金', '探索', '政府', '引导', '资金', '参与', '并购', '基金', '设立', '运作', '集聚', '社会', '资本', '并购', '基金', '监管', '上市公司', '监管', '并购', '基金', '管理', '责任', '强化', '信息', '披露', '完善', '溢价', '出售', '股权', '挂牌', '转让', '资产', '证券化', '并购', '基金', '投资人', '退出', '渠道', '三是', '充分发挥', '资本', '市场', '作用', '鼓励', '符合条件', '上市公司', '公开', '定向', '增发', '公司债券', '企业债券', '转换', '债券', '并购', '重组', '私募', '债券', '方式', '并购', '重组', '发行', '优先股', '定向', '发行', '转换', '债券', '兼并', '重组', '支付', '方式', '支持', '证券公司', '资产', '管理', '公司', '创业投资', '公司', '股权', '投资', '基金', '产业', '投资', '基金', '机构', '参与', '上市公司']"
26,"['转债', '包商', '利率', '下行', '债市', '亿元', '美债']",37650,"['美债', '利率', '倒挂', '国内', '债市', '海通', '债券', '每周', '交流', '思考', '320', '期', '姜超', '来源', '姜超', '宏观', '债券', '研究', '美债', '利率', '倒挂', '国内', '债市', '海通', '债券', '每周', '交流', '思考', '320', '期', '姜超', '摘', ' ', '上周', '债市', '短期', '震荡', '国债', '利率', '平均', '下行', '3bp', 'AAA', '级', 'AA', '级', '企业债', '城', '投债', '利率', '平均', '上行', '3bp', '转债', '下跌', '0.76%', '美债', '利率', '倒挂', '经济趋势', '回落', '上周', '年期', '美债', '利率', '降至', '2.14%', '创下', '新低', '年期', '美债', '利率', '低于', '年期', '美债', '利率', '指标', '衡量', '美债', '利率', '曲线', '倒挂', '期货市场', '观察', '美国', '降息', '预期', '近期', '大幅', '升温', '月份', '美国', '降息', '概率', '升至', '73.9%', '市场', '预期', '美联储', '将会', '启动', '第二次', '降息', '工业', '减速', '通胀', '预期', '下降', '制造业', 'PMI', '下降', '49.4%', '荣', '枯线', '之下', '需求', '生产指数', '双双', '放缓', '中观', '指标', '观察', '地产', '销售', '增速', '下滑', '乘用车', '零售', '降幅', '缩窄', '批发', '降幅', '仍高', '电厂', '发电', '耗煤', '增速', '降幅', '19%', '显示', '经济', '减速', '物价', '走势', '猪价', '涨幅', '回落', '国际', '油价', '铜价', '国内', '煤价', '大幅', '下跌', '预示', '通胀', '预期', '回落', '预计', 'CPI', '有望', '中见', '顶', '下半年', '通胀', '有望', '回落', '包商', '托管', '冲击', '央行', '维稳', '资金', '央行', '银', '保监会', '联合', '发布公告', '称', '包商', '银行', '股份', '有限公司', '信用风险', '包商', '银行', '实行', '为期', '一年', '接管', '信用风险', '是因为', '资产', '端', '质量', '欠佳', '包商', '银行', '不良率', '资本', '充足率', '低于', '同业', '水平', '二是', '同业', '负债', '占', '比过', '高', '季度', '同业', '负债', '占', '44%', '超过', '监管', '红线', '包商', '银行', '托管', '引发', '中小银行', '信用风险', '担心', '统计', '家', '农商', '城商行', '尚未', '披露', '年报', '同业', '负债', '占', '超过', '35%', '银行', '值得', '关注', '货基', '赎回', '压力', '包商', '相关', '交易', '冻结', '连锁反应', '资', '金融', '出方', '谨慎', '原因', '短期', '冲击', '银行', '间', '流动性', '上周', 'AA', '评级', '同业', '存单', '利率', '上行', '超', '20bp', '商业银行', '同业', '存单', '发行', '难度', '加大', '流动性', '压力', '短期', '包商', '银行', '处置', '明天', '系', '特殊性', '短期内', '类似', '事件', '密集', '爆发', '概率', '央行', '上周', '加大', '货币', '投放', '力度', '钱', '荒', '央行', '建立', 'slf', '制度', '地方', '中小银行', '地方', '央行', '举借', '资金', '钱荒', '重演', '上周', '流动性', '先紧', '后松', '债市', '依旧', '利率', '有望', '下行', '展望未来', '债市', '依旧', '有三大', '因素', '支撑', '债市', '未来', '上涨', '一是', '海外', '宽松', '预期', '升温', '美国', '墨西哥', '引发', '美国股市', '大幅', '下跌', '年期', '美债', '利率', '大幅', '下降', '年期', '国债', '利差', '超过', '110bp', '二是', '国内', '经济', '下滑', '需求', '生产指标', '再度', '下滑', '通胀', '预期', '大幅', '下降', '基本面', '支持', '债市', '上涨', '三是', '打破', '刚性', '兑付', '长期', '降低', '货币', '增速', '有利于', '利率', '中枢', '下行', '综合', '包商', '银行', '事件', '短期', '冲击', '市场', '流动性', '央行', '利率', '走廊', '维稳', '之下', '债市', '重演', '钱', '荒', '事件', '月份', '2.6%', 'DR007', '均值', '之下', '3.3%', '年期', '国债', '配置', '价值', '货币', '利率', '利率', '波动', '仍大', '货币', '利率', '冲高', '回落', '上周', '央行', '逆', '回购', '5300', '亿', '逆', '回购', '到期', '1000', '亿', '国库', '现金', '定存', '800', '亿', '央行', '整周', '净回', '投放', '5100', '亿', '货币', '利率', '冲高', '回落', 'R007', '均值', '上行', '30BP', '3.01%', 'R001', '均值', '下行', '13BP', '2.49%', 'DR007', '均值', '上行', '9BP', '2.74%', 'DR001', '均值', '下行', '15BP', '2.42%', '高质量', '经济', '发展', '匹配', '低', '货币', '增速', '中国', '央行', '货政司', '司长', '孙国峰', '金融街', '论坛', '会上', '指出', '货币政策', '供给', '侧', '结构性', '改革', '经济', '高质量', '发展', '营造', '适宜', '货币', '金融', '环境', 'M2', '社会', '融资', '规模', '增速', '名义', 'GDP', '增速', '相', '挂钩', '判断', '稳健', '货币政策', '松紧', '适度', '提供', '衡量标准', '稳健', '货币政策', '货币', '条件', '经济', '平稳', '增长', '物价', '稳定', '相匹配', '宏观', '杠杆', '率', '总体', '平稳', '结构', '优化', '很长', '一段时间', '高', '储蓄', '水平', '间接', '融资', '融资', '结构', '住房', '货币化', '金融', '深化', '出口', '投资', '依赖', '因素', '影响', '我国', 'M2', '增速', '高于', '名义', 'GDP', '增速', '我国', '经济', '高速', '增长', '转向', '高质量', '发展', '住房', '货币化', '储蓄', '结构', '融资', '结构', '结构性', '因素', '发生变化', '慢', '一点', '货币', '增速', '经济运行', '区间', '面对', '内外部', '挑战', '央行', '货币政策', '应对', '空间', '充足', '货币政策', '工具箱', '人民银行', '实施', '稳健', '货币政策', '经济', '增长', '价格', '形势', '变化', '预调', '微调', '流动性', '充裕', '\xa0', '利率', '波动', '加大', '受', '包商', '银行', '托管', '事件', '扰动', '市场', '流动性', '趋紧', '央行', '加大', '资金', '投放', '改变', '资金面', '预期', '流动性', '重回', '宽裕', '状态', '展望', '传统', '财政', '存款', '投放', '窗口', '6630', '亿', 'MLF', '到期', '5300', '亿逆', '回购', '到期', '第一周', '月末', '还会', '面临', '银行', '半年', '末', '资金', '考核', '压力', '近期', '国库', '现金', '定存', '操作', '利率', '上行', '同业', '存单', '发行', '难度', '加大', '预示', '银行', '负债', '压力', '资金', '波动', '加大', '资金面', '呈现', '紧', '松', '紧', '节奏', '利率', '债', '债牛', '行情', '延续', '债市', '震荡', '上周', '年期', '国债', '收', '2.68%', '较前', '一周', '下行', '1BP', '年期', '国债', '收于', '3.28%', '较前', '一周', '下行', '4BP', '年期', '国开债', '收于', '2.87%', '较前', '一周', '上行', '5BP', '年期', '国开债', '收于', '3.70%', '较前', '一周', '上行', '1BP', '供给', '增加', '需求', '较强', '上周', '记账式', '国债', '发行', '471', '亿元', '到期', '亿元', '政策性', '金融债', '发行', '807', '亿元', '到期', '亿元', '地方', '政府', '债', '发行', '1271', '亿元', '到期', '523', '亿元', '上周', '利率', '债净', '供给', '1927', '亿元', '环比', '增加', '296', '亿元', '信用', '债', '发行', '1133', '亿元', '到期', '1140', '亿元', '净', '供给', '亿元', '经济', '下行', '压力', '未消', '制造业', 'PMI', '回落', '跌', '线下', '制造业', '景气', '偏弱', '中观', '数据', '供需', '两端', '偏弱', '态势', '延续', '终端', '需求', '走弱', '产销量', '增速', '乘用车', '批发', '增速', '均现', '下滑', '工业生产', '依然', '偏紧', '发电', '耗煤', '跌幅', '汽车', '钢铁', '江浙', '织机', '开工率', '处', '同期', '低位', '供需', '两端', '偏弱', '叠加', '摩擦', '冲击', '经济', '下行', '压力', '未消', '内外', '形势', '债市', '城商行', '农', '商行', '总', '负债', '增速', '高于', 'GDP', '名义', '增速', '金融', '供给', '侧', '改革', '方向', '包商', '银行', '托管', '引发', '打破', '金融', '兑潮', '金融债', '等级', '间', '利差', '有望', '利于', '长期', '无风险', '利率', '下行', '近期', '美国', '长债', '收益率', '下行', '曲线', '倒挂', '预示', '美国', '经济', '步入', '衰退', '倒逼', '美联储', '货币政策', '再度', '放松', '国内', '货币', '宽松', '外部', '压力', '减轻', '利差', '走', '扩', '国内', '债市', '收益率', '下行', '打开', '空间', '国内', '经济', '通胀', '资金面', '债市', '支撑', '海外', '摩擦', '加剧', '避险', '情绪', '推动', '债市', '收益率', '曲线', '有望', '走向', '牛平', '信用', '债', '打破', '刚兑', '加速', '信用', '债', '收益率', '上行', '上周', '信用', '债', '收益率', '行', '信用', '利差', '主动', 'AAA', '级', '企业债', '收益率', '平均', '上行', '1BP', 'AA', '级', '企业债', '收益率', '平均', '上行', '2BP', '城', '投债', '收益率', '上行', '3BP', '高风险', '金融机构', '处置', '力度', '包商', '银行', '事件', '意味着', '未来', '监管', '高风险', '金融机构', '处置', '力度', '金融机构', '淘汰', '金融机构', '标准', '资不抵债', '持续', '经营', '触发', '处置', '机制', '重组', '机构', '间', '兼并', '收购', '降低', '市场', '冲击', '资产', '质量', '较差', '依赖', '同业', '负债', '扩张', '股东', '支持', '能力', '弱', '中小银行', '重灾区', '打破', '刚兑', '加速', '超日债', '违约', '打破', '产业', '债刚', '兑', '国企', '城投', '金融', '领域', '信用', '债', '兑', '预期', '仍强', '包商', '银行', '同业', '存单', '金融债', '受偿', '意味着', '金融', '刚兑', '正式', '打破', '产业', '债', '打破', '兑后', '产业', '债', '等级', '间', '利差', '趋势性', '走高', '金融', '领域', '打破', '刚兑', '金融债', '等级', '间', '利差', '有望', '打开', '高等级', '信用', '债', '收益率', '下行', '空间', '可转债', '转债', '估值', '压缩', '转债', '指数', '下跌', '上周', '中证', '转债', '指数', '下跌', '0.76%', '日均', '成交量', '包含', 'EB', '50.9', '亿元', '环比', '下降', '7%', '计算', '转债', '全', '样本', '指数', '包含', '公募', 'EB', '下跌', '0.57%', '同期', '沪', '深', '300', '指数', '上涨', '1%', '创业板', '指', '上涨', '2.76%', '上证', '上涨', '1%', '个券', '涨', '124', '跌', '正股', '128', '涨', '平', '跌', '涨幅', '前', '位', '金农', '转债', '24.67%', '冰轮', '转债', '6.7%', '天康', '转债', '6.52%', '天马', '转债', '4.61%', '特发', '转债', '4.36%', '新券', '发行', '重启', '周转', '债', '发行', '重启', '泰和', '三星', '新材', '两只', '转债', '发行', '审批', '进度', '加快', '安图', '生物', '6.83', '亿元', '转债', '收到', '批文', '英科', '医疗', '4.7', '亿元', '转债', '过会', '北京', '文化', '亿元', '新莱应材', '2.8', '亿元', '转债', '获', '受理', '索菲亚', '亿元', '终止', '转债', '发行', '上周', '滨化', '股份', '亿元', '天赐', '材料', '11.4', '亿元', '东方', '财富', '亿元', '家', '公司', '公布', '转债', '预案', '转债', '估值', '压缩', '上周', '权益', '市场', '震荡', '反弹', '股指', '小幅', '收涨', '转债', '全周', '收跌', '估值', '大幅', '压缩', '导致', '转债', '权益', '市场走势', '板块', '这一', '现象', '集中体现', '银行', '转债', '包商', '银行', '事件', '影响', '上周', '银行', '转债', '大幅', '下跌', '张行', '江银', '城商行', '转债', '跌幅', '远']"
27,"['转债', '包商', '利率', '下行', '债市', '亿元', '美债']",37656,"['美债', '利率', '倒挂', '国内', '债市', '海通', '债券', '每周', '交流', '思考', '320', '期', '姜超', '来源', '姜超', '宏观', '债券', '研究', '美债', '利率', '倒挂', '国内', '债市', '海通', '债券', '每周', '交流', '思考', '320', '期', '姜超', '摘', ' ', '上周', '债市', '短期', '震荡', '国债', '利率', '平均', '下行', '3bp', 'AAA', '级', 'AA', '级', '企业债', '城', '投债', '利率', '平均', '上行', '3bp', '转债', '下跌', '0.76%', '美债', '利率', '倒挂', '经济趋势', '回落', '上周', '年期', '美债', '利率', '降至', '2.14%', '创下', '新低', '年期', '美债', '利率', '低于', '年期', '美债', '利率', '指标', '衡量', '美债', '利率', '曲线', '倒挂', '期货市场', '观察', '美国', '降息', '预期', '近期', '大幅', '升温', '月份', '美国', '降息', '概率', '升至', '73.9%', '市场', '预期', '美联储', '将会', '启动', '第二次', '降息', '工业', '减速', '通胀', '预期', '下降', '制造业', 'PMI', '下降', '49.4%', '荣', '枯线', '之下', '需求', '生产指数', '双双', '放缓', '中观', '指标', '观察', '地产', '销售', '增速', '下滑', '乘用车', '零售', '降幅', '缩窄', '批发', '降幅', '仍高', '电厂', '发电', '耗煤', '增速', '降幅', '19%', '显示', '经济', '减速', '物价', '走势', '猪价', '涨幅', '回落', '国际', '油价', '铜价', '国内', '煤价', '大幅', '下跌', '预示', '通胀', '预期', '回落', '预计', 'CPI', '有望', '中见', '顶', '下半年', '通胀', '有望', '回落', '包商', '托管', '冲击', '央行', '维稳', '资金', '央行', '银', '保监会', '联合', '发布公告', '称', '包商', '银行', '股份', '有限公司', '信用风险', '包商', '银行', '实行', '为期', '一年', '接管', '信用风险', '是因为', '资产', '端', '质量', '欠佳', '包商', '银行', '不良率', '资本', '充足率', '低于', '同业', '水平', '二是', '同业', '负债', '占', '比过', '高', '季度', '同业', '负债', '占', '44%', '超过', '监管', '红线', '包商', '银行', '托管', '引发', '中小银行', '信用风险', '担心', '统计', '家', '农商', '城商行', '尚未', '披露', '年报', '同业', '负债', '占', '超过', '35%', '银行', '值得', '关注', '货基', '赎回', '压力', '包商', '相关', '交易', '冻结', '连锁反应', '资', '金融', '出方', '谨慎', '原因', '短期', '冲击', '银行', '间', '流动性', '上周', 'AA', '评级', '同业', '存单', '利率', '上行', '超', '20bp', '商业银行', '同业', '存单', '发行', '难度', '加大', '流动性', '压力', '短期', '包商', '银行', '处置', '明天', '系', '特殊性', '短期内', '类似', '事件', '密集', '爆发', '概率', '央行', '上周', '加大', '货币', '投放', '力度', '钱', '荒', '央行', '建立', 'slf', '制度', '地方', '中小银行', '地方', '央行', '举借', '资金', '钱荒', '重演', '上周', '流动性', '先紧', '后松', '债市', '依旧', '利率', '有望', '下行', '展望未来', '债市', '依旧', '有三大', '因素', '支撑', '债市', '未来', '上涨', '一是', '海外', '宽松', '预期', '升温', '美国', '墨西哥', '引发', '美国股市', '大幅', '下跌', '年期', '美债', '利率', '大幅', '下降', '年期', '国债', '利差', '超过', '110bp', '二是', '国内', '经济', '下滑', '需求', '生产指标', '再度', '下滑', '通胀', '预期', '大幅', '下降', '基本面', '支持', '债市', '上涨', '三是', '打破', '刚性', '兑付', '长期', '降低', '货币', '增速', '有利于', '利率', '中枢', '下行', '综合', '包商', '银行', '事件', '短期', '冲击', '市场', '流动性', '央行', '利率', '走廊', '维稳', '之下', '债市', '重演', '钱', '荒', '事件', '月份', '2.6%', 'DR007', '均值', '之下', '3.3%', '年期', '国债', '配置', '价值', '货币', '利率', '利率', '波动', '仍大', '货币', '利率', '冲高', '回落', '上周', '央行', '逆', '回购', '5300', '亿', '逆', '回购', '到期', '1000', '亿', '国库', '现金', '定存', '800', '亿', '央行', '整周', '净回', '投放', '5100', '亿', '货币', '利率', '冲高', '回落', 'R007', '均值', '上行', '30BP', '3.01%', 'R001', '均值', '下行', '13BP', '2.49%', 'DR007', '均值', '上行', '9BP', '2.74%', 'DR001', '均值', '下行', '15BP', '2.42%', '高质量', '经济', '发展', '匹配', '低', '货币', '增速', '中国', '央行', '货政司', '司长', '孙国峰', '金融街', '论坛', '会上', '指出', '货币政策', '供给', '侧', '结构性', '改革', '经济', '高质量', '发展', '营造', '适宜', '货币', '金融', '环境', 'M2', '社会', '融资', '规模', '增速', '名义', 'GDP', '增速', '相', '挂钩', '判断', '稳健', '货币政策', '松紧', '适度', '提供', '衡量标准', '稳健', '货币政策', '货币', '条件', '经济', '平稳', '增长', '物价', '稳定', '相匹配', '宏观', '杠杆', '率', '总体', '平稳', '结构', '优化', '很长', '一段时间', '高', '储蓄', '水平', '间接', '融资', '融资', '结构', '住房', '货币化', '金融', '深化', '出口', '投资', '依赖', '因素', '影响', '我国', 'M2', '增速', '高于', '名义', 'GDP', '增速', '我国', '经济', '高速', '增长', '转向', '高质量', '发展', '住房', '货币化', '储蓄', '结构', '融资', '结构', '结构性', '因素', '发生变化', '慢', '一点', '货币', '增速', '经济运行', '区间', '面对', '内外部', '挑战', '央行', '货币政策', '应对', '空间', '充足', '货币政策', '工具箱', '人民银行', '实施', '稳健', '货币政策', '经济', '增长', '价格', '形势', '变化', '预调', '微调', '流动性', '充裕', '\xa0', '利率', '波动', '加大', '受', '包商', '银行', '托管', '事件', '扰动', '市场', '流动性', '趋紧', '央行', '加大', '资金', '投放', '改变', '资金面', '预期', '流动性', '重回', '宽裕', '状态', '展望', '传统', '财政', '存款', '投放', '窗口', '6630', '亿', 'MLF', '到期', '5300', '亿逆', '回购', '到期', '第一周', '月末', '还会', '面临', '银行', '半年', '末', '资金', '考核', '压力', '近期', '国库', '现金', '定存', '操作', '利率', '上行', '同业', '存单', '发行', '难度', '加大', '预示', '银行', '负债', '压力', '资金', '波动', '加大', '资金面', '呈现', '紧', '松', '紧', '节奏', '利率', '债', '债牛', '行情', '延续', '债市', '震荡', '上周', '年期', '国债', '收', '2.68%', '较前', '一周', '下行', '1BP', '年期', '国债', '收于', '3.28%', '较前', '一周', '下行', '4BP', '年期', '国开债', '收于', '2.87%', '较前', '一周', '上行', '5BP', '年期', '国开债', '收于', '3.70%', '较前', '一周', '上行', '1BP', '供给', '增加', '需求', '较强', '上周', '记账式', '国债', '发行', '471', '亿元', '到期', '亿元', '政策性', '金融债', '发行', '807', '亿元', '到期', '亿元', '地方', '政府', '债', '发行', '1271', '亿元', '到期', '523', '亿元', '上周', '利率', '债净', '供给', '1927', '亿元', '环比', '增加', '296', '亿元', '信用', '债', '发行', '1133', '亿元', '到期', '1140', '亿元', '净', '供给', '亿元', '经济', '下行', '压力', '未消', '制造业', 'PMI', '回落', '跌', '线下', '制造业', '景气', '偏弱', '中观', '数据', '供需', '两端', '偏弱', '态势', '延续', '终端', '需求', '走弱', '产销量', '增速', '乘用车', '批发', '增速', '均现', '下滑', '工业生产', '依然', '偏紧', '发电', '耗煤', '跌幅', '汽车', '钢铁', '江浙', '织机', '开工率', '处', '同期', '低位', '供需', '两端', '偏弱', '叠加', '摩擦', '冲击', '经济', '下行', '压力', '未消', '内外', '形势', '债市', '城商行', '农', '商行', '总', '负债', '增速', '高于', 'GDP', '名义', '增速', '金融', '供给', '侧', '改革', '方向', '包商', '银行', '托管', '引发', '打破', '金融', '兑潮', '金融债', '等级', '间', '利差', '有望', '利于', '长期', '无风险', '利率', '下行', '近期', '美国', '长债', '收益率', '下行', '曲线', '倒挂', '预示', '美国', '经济', '步入', '衰退', '倒逼', '美联储', '货币政策', '再度', '放松', '国内', '货币', '宽松', '外部', '压力', '减轻', '利差', '走', '扩', '国内', '债市', '收益率', '下行', '打开', '空间', '国内', '经济', '通胀', '资金面', '债市', '支撑', '海外', '摩擦', '加剧', '避险', '情绪', '推动', '债市', '收益率', '曲线', '有望', '走向', '牛平', '信用', '债', '打破', '刚兑', '加速', '信用', '债', '收益率', '上行', '上周', '信用', '债', '收益率', '行', '信用', '利差', '主动', 'AAA', '级', '企业债', '收益率', '平均', '上行', '1BP', 'AA', '级', '企业债', '收益率', '平均', '上行', '2BP', '城', '投债', '收益率', '上行', '3BP', '高风险', '金融机构', '处置', '力度', '包商', '银行', '事件', '意味着', '未来', '监管', '高风险', '金融机构', '处置', '力度', '金融机构', '淘汰', '金融机构', '标准', '资不抵债', '持续', '经营', '触发', '处置', '机制', '重组', '机构', '间', '兼并', '收购', '降低', '市场', '冲击', '资产', '质量', '较差', '依赖', '同业', '负债', '扩张', '股东', '支持', '能力', '弱', '中小银行', '重灾区', '打破', '刚兑', '加速', '超日债', '违约', '打破', '产业', '债刚', '兑', '国企', '城投', '金融', '领域', '信用', '债', '兑', '预期', '仍强', '包商', '银行', '同业', '存单', '金融债', '受偿', '意味着', '金融', '刚兑', '正式', '打破', '产业', '债', '打破', '兑后', '产业', '债', '等级', '间', '利差', '趋势性', '走高', '金融', '领域', '打破', '刚兑', '金融债', '等级', '间', '利差', '有望', '打开', '高等级', '信用', '债', '收益率', '下行', '空间', '可转债', '转债', '估值', '压缩', '转债', '指数', '下跌', '上周', '中证', '转债', '指数', '下跌', '0.76%', '日均', '成交量', '包含', 'EB', '50.9', '亿元', '环比', '下降', '7%', '计算', '转债', '全', '样本', '指数', '包含', '公募', 'EB', '下跌', '0.57%', '同期', '沪', '深', '300', '指数', '上涨', '1%', '创业板', '指', '上涨', '2.76%', '上证', '上涨', '1%', '个券', '涨', '124', '跌', '正股', '128', '涨', '平', '跌', '涨幅', '前', '位', '金农', '转债', '24.67%', '冰轮', '转债', '6.7%', '天康', '转债', '6.52%', '天马', '转债', '4.61%', '特发', '转债', '4.36%', '新券', '发行', '重启', '周转', '债', '发行', '重启', '泰和', '三星', '新材', '两只', '转债', '发行', '审批', '进度', '加快', '安图', '生物', '6.83', '亿元', '转债', '收到', '批文', '英科', '医疗', '4.7', '亿元', '转债', '过会', '北京', '文化', '亿元', '新莱应材', '2.8', '亿元', '转债', '获', '受理', '索菲亚', '亿元', '终止', '转债', '发行', '上周', '滨化', '股份', '亿元', '天赐', '材料', '11.4', '亿元', '东方', '财富', '亿元', '家', '公司', '公布', '转债', '预案', '转债', '估值', '压缩', '上周', '权益', '市场', '震荡', '反弹', '股指', '小幅', '收涨', '转债', '全周', '收跌', '估值', '大幅', '压缩', '导致', '转债', '权益', '市场走势', '板块', '这一', '现象', '集中体现', '银行', '转债', '包商', '银行', '事件', '影响', '上周', '银行', '转债', '大幅', '下跌', '张行', '江银', '城商行', '转债', '跌幅', '远']"
28,"['转债', '包商', '利率', '下行', '债市', '亿元', '美债']",37657,"['美债', '利率', '倒挂', '国内', '债市', '海通', '债券', '每周', '交流', '思考', '320', '期', '姜超', '来源', '姜超', '宏观', '债券', '研究', '美债', '利率', '倒挂', '国内', '债市', '海通', '债券', '每周', '交流', '思考', '320', '期', '姜超', '摘', ' ', '上周', '债市', '短期', '震荡', '国债', '利率', '平均', '下行', '3bp', 'AAA', '级', 'AA', '级', '企业债', '城', '投债', '利率', '平均', '上行', '3bp', '转债', '下跌', '0.76%', '美债', '利率', '倒挂', '经济趋势', '回落', '上周', '年期', '美债', '利率', '降至', '2.14%', '创下', '新低', '年期', '美债', '利率', '低于', '年期', '美债', '利率', '指标', '衡量', '美债', '利率', '曲线', '倒挂', '期货市场', '观察', '美国', '降息', '预期', '近期', '大幅', '升温', '月份', '美国', '降息', '概率', '升至', '73.9%', '市场', '预期', '美联储', '将会', '启动', '第二次', '降息', '工业', '减速', '通胀', '预期', '下降', '制造业', 'PMI', '下降', '49.4%', '荣', '枯线', '之下', '需求', '生产指数', '双双', '放缓', '中观', '指标', '观察', '地产', '销售', '增速', '下滑', '乘用车', '零售', '降幅', '缩窄', '批发', '降幅', '仍高', '电厂', '发电', '耗煤', '增速', '降幅', '19%', '显示', '经济', '减速', '物价', '走势', '猪价', '涨幅', '回落', '国际', '油价', '铜价', '国内', '煤价', '大幅', '下跌', '预示', '通胀', '预期', '回落', '预计', 'CPI', '有望', '中见', '顶', '下半年', '通胀', '有望', '回落', '包商', '托管', '冲击', '央行', '维稳', '资金', '央行', '银', '保监会', '联合', '发布公告', '称', '包商', '银行', '股份', '有限公司', '信用风险', '包商', '银行', '实行', '为期', '一年', '接管', '信用风险', '是因为', '资产', '端', '质量', '欠佳', '包商', '银行', '不良率', '资本', '充足率', '低于', '同业', '水平', '二是', '同业', '负债', '占', '比过', '高', '季度', '同业', '负债', '占', '44%', '超过', '监管', '红线', '包商', '银行', '托管', '引发', '中小银行', '信用风险', '担心', '统计', '家', '农商', '城商行', '尚未', '披露', '年报', '同业', '负债', '占', '超过', '35%', '银行', '值得', '关注', '货基', '赎回', '压力', '包商', '相关', '交易', '冻结', '连锁反应', '资', '金融', '出方', '谨慎', '原因', '短期', '冲击', '银行', '间', '流动性', '上周', 'AA', '评级', '同业', '存单', '利率', '上行', '超', '20bp', '商业银行', '同业', '存单', '发行', '难度', '加大', '流动性', '压力', '短期', '包商', '银行', '处置', '明天', '系', '特殊性', '短期内', '类似', '事件', '密集', '爆发', '概率', '央行', '上周', '加大', '货币', '投放', '力度', '钱', '荒', '央行', '建立', 'slf', '制度', '地方', '中小银行', '地方', '央行', '举借', '资金', '钱荒', '重演', '上周', '流动性', '先紧', '后松', '债市', '依旧', '利率', '有望', '下行', '展望未来', '债市', '依旧', '有三大', '因素', '支撑', '债市', '未来', '上涨', '一是', '海外', '宽松', '预期', '升温', '美国', '墨西哥', '引发', '美国股市', '大幅', '下跌', '年期', '美债', '利率', '大幅', '下降', '年期', '国债', '利差', '超过', '110bp', '二是', '国内', '经济', '下滑', '需求', '生产指标', '再度', '下滑', '通胀', '预期', '大幅', '下降', '基本面', '支持', '债市', '上涨', '三是', '打破', '刚性', '兑付', '长期', '降低', '货币', '增速', '有利于', '利率', '中枢', '下行', '综合', '包商', '银行', '事件', '短期', '冲击', '市场', '流动性', '央行', '利率', '走廊', '维稳', '之下', '债市', '重演', '钱', '荒', '事件', '月份', '2.6%', 'DR007', '均值', '之下', '3.3%', '年期', '国债', '配置', '价值', '货币', '利率', '利率', '波动', '仍大', '货币', '利率', '冲高', '回落', '上周', '央行', '逆', '回购', '5300', '亿', '逆', '回购', '到期', '1000', '亿', '国库', '现金', '定存', '800', '亿', '央行', '整周', '净回', '投放', '5100', '亿', '货币', '利率', '冲高', '回落', 'R007', '均值', '上行', '30BP', '3.01%', 'R001', '均值', '下行', '13BP', '2.49%', 'DR007', '均值', '上行', '9BP', '2.74%', 'DR001', '均值', '下行', '15BP', '2.42%', '高质量', '经济', '发展', '匹配', '低', '货币', '增速', '中国', '央行', '货政司', '司长', '孙国峰', '金融街', '论坛', '会上', '指出', '货币政策', '供给', '侧', '结构性', '改革', '经济', '高质量', '发展', '营造', '适宜', '货币', '金融', '环境', 'M2', '社会', '融资', '规模', '增速', '名义', 'GDP', '增速', '相', '挂钩', '判断', '稳健', '货币政策', '松紧', '适度', '提供', '衡量标准', '稳健', '货币政策', '货币', '条件', '经济', '平稳', '增长', '物价', '稳定', '相匹配', '宏观', '杠杆', '率', '总体', '平稳', '结构', '优化', '很长', '一段时间', '高', '储蓄', '水平', '间接', '融资', '融资', '结构', '住房', '货币化', '金融', '深化', '出口', '投资', '依赖', '因素', '影响', '我国', 'M2', '增速', '高于', '名义', 'GDP', '增速', '我国', '经济', '高速', '增长', '转向', '高质量', '发展', '住房', '货币化', '储蓄', '结构', '融资', '结构', '结构性', '因素', '发生变化', '慢', '一点', '货币', '增速', '经济运行', '区间', '面对', '内外部', '挑战', '央行', '货币政策', '应对', '空间', '充足', '货币政策', '工具箱', '人民银行', '实施', '稳健', '货币政策', '经济', '增长', '价格', '形势', '变化', '预调', '微调', '流动性', '充裕', '\xa0', '利率', '波动', '加大', '受', '包商', '银行', '托管', '事件', '扰动', '市场', '流动性', '趋紧', '央行', '加大', '资金', '投放', '改变', '资金面', '预期', '流动性', '重回', '宽裕', '状态', '展望', '传统', '财政', '存款', '投放', '窗口', '6630', '亿', 'MLF', '到期', '5300', '亿逆', '回购', '到期', '第一周', '月末', '还会', '面临', '银行', '半年', '末', '资金', '考核', '压力', '近期', '国库', '现金', '定存', '操作', '利率', '上行', '同业', '存单', '发行', '难度', '加大', '预示', '银行', '负债', '压力', '资金', '波动', '加大', '资金面', '呈现', '紧', '松', '紧', '节奏', '利率', '债', '债牛', '行情', '延续', '债市', '震荡', '上周', '年期', '国债', '收', '2.68%', '较前', '一周', '下行', '1BP', '年期', '国债', '收于', '3.28%', '较前', '一周', '下行', '4BP', '年期', '国开债', '收于', '2.87%', '较前', '一周', '上行', '5BP', '年期', '国开债', '收于', '3.70%', '较前', '一周', '上行', '1BP', '供给', '增加', '需求', '较强', '上周', '记账式', '国债', '发行', '471', '亿元', '到期', '亿元', '政策性', '金融债', '发行', '807', '亿元', '到期', '亿元', '地方', '政府', '债', '发行', '1271', '亿元', '到期', '523', '亿元', '上周', '利率', '债净', '供给', '1927', '亿元', '环比', '增加', '296', '亿元', '信用', '债', '发行', '1133', '亿元', '到期', '1140', '亿元', '净', '供给', '亿元', '经济', '下行', '压力', '未消', '制造业', 'PMI', '回落', '跌', '线下', '制造业', '景气', '偏弱', '中观', '数据', '供需', '两端', '偏弱', '态势', '延续', '终端', '需求', '走弱', '产销量', '增速', '乘用车', '批发', '增速', '均现', '下滑', '工业生产', '依然', '偏紧', '发电', '耗煤', '跌幅', '汽车', '钢铁', '江浙', '织机', '开工率', '处', '同期', '低位', '供需', '两端', '偏弱', '叠加', '摩擦', '冲击', '经济', '下行', '压力', '未消', '内外', '形势', '债市', '城商行', '农', '商行', '总', '负债', '增速', '高于', 'GDP', '名义', '增速', '金融', '供给', '侧', '改革', '方向', '包商', '银行', '托管', '引发', '打破', '金融', '兑潮', '金融债', '等级', '间', '利差', '有望', '利于', '长期', '无风险', '利率', '下行', '近期', '美国', '长债', '收益率', '下行', '曲线', '倒挂', '预示', '美国', '经济', '步入', '衰退', '倒逼', '美联储', '货币政策', '再度', '放松', '国内', '货币', '宽松', '外部', '压力', '减轻', '利差', '走', '扩', '国内', '债市', '收益率', '下行', '打开', '空间', '国内', '经济', '通胀', '资金面', '债市', '支撑', '海外', '摩擦', '加剧', '避险', '情绪', '推动', '债市', '收益率', '曲线', '有望', '走向', '牛平', '信用', '债', '打破', '刚兑', '加速', '信用', '债', '收益率', '上行', '上周', '信用', '债', '收益率', '行', '信用', '利差', '主动', 'AAA', '级', '企业债', '收益率', '平均', '上行', '1BP', 'AA', '级', '企业债', '收益率', '平均', '上行', '2BP', '城', '投债', '收益率', '上行', '3BP', '高风险', '金融机构', '处置', '力度', '包商', '银行', '事件', '意味着', '未来', '监管', '高风险', '金融机构', '处置', '力度', '金融机构', '淘汰', '金融机构', '标准', '资不抵债', '持续', '经营', '触发', '处置', '机制', '重组', '机构', '间', '兼并', '收购', '降低', '市场', '冲击', '资产', '质量', '较差', '依赖', '同业', '负债', '扩张', '股东', '支持', '能力', '弱', '中小银行', '重灾区', '打破', '刚兑', '加速', '超日债', '违约', '打破', '产业', '债刚', '兑', '国企', '城投', '金融', '领域', '信用', '债', '兑', '预期', '仍强', '包商', '银行', '同业', '存单', '金融债', '受偿', '意味着', '金融', '刚兑', '正式', '打破', '产业', '债', '打破', '兑后', '产业', '债', '等级', '间', '利差', '趋势性', '走高', '金融', '领域', '打破', '刚兑', '金融债', '等级', '间', '利差', '有望', '打开', '高等级', '信用', '债', '收益率', '下行', '空间', '可转债', '转债', '估值', '压缩', '转债', '指数', '下跌', '上周', '中证', '转债', '指数', '下跌', '0.76%', '日均', '成交量', '包含', 'EB', '50.9', '亿元', '环比', '下降', '7%', '计算', '转债', '全', '样本', '指数', '包含', '公募', 'EB', '下跌', '0.57%', '同期', '沪', '深', '300', '指数', '上涨', '1%', '创业板', '指', '上涨', '2.76%', '上证', '上涨', '1%', '个券', '涨', '124', '跌', '正股', '128', '涨', '平', '跌', '涨幅', '前', '位', '金农', '转债', '24.67%', '冰轮', '转债', '6.7%', '天康', '转债', '6.52%', '天马', '转债', '4.61%', '特发', '转债', '4.36%', '新券', '发行', '重启', '周转', '债', '发行', '重启', '泰和', '三星', '新材', '两只', '转债', '发行', '审批', '进度', '加快', '安图', '生物', '6.83', '亿元', '转债', '收到', '批文', '英科', '医疗', '4.7', '亿元', '转债', '过会', '北京', '文化', '亿元', '新莱应材', '2.8', '亿元', '转债', '获', '受理', '索菲亚', '亿元', '终止', '转债', '发行', '上周', '滨化', '股份', '亿元', '天赐', '材料', '11.4', '亿元', '东方', '财富', '亿元', '家', '公司', '公布', '转债', '预案', '转债', '估值', '压缩', '上周', '权益', '市场', '震荡', '反弹', '股指', '小幅', '收涨', '转债', '全周', '收跌', '估值', '大幅', '压缩', '导致', '转债', '权益', '市场走势', '板块', '这一', '现象', '集中体现', '银行', '转债', '包商', '银行', '事件', '影响', '上周', '银行', '转债', '大幅', '下跌', '张行', '江银', '城商行', '转债', '跌幅', '远']"
29,"['转债', '包商', '利率', '下行', '债市', '亿元', '美债']",37658,"['美债', '利率', '倒挂', '国内', '债市', '海通', '债券', '每周', '交流', '思考', '320', '期', '姜超', '来源', '姜超', '宏观', '债券', '研究', '美债', '利率', '倒挂', '国内', '债市', '海通', '债券', '每周', '交流', '思考', '320', '期', '姜超', '摘', ' ', '上周', '债市', '短期', '震荡', '国债', '利率', '平均', '下行', '3bp', 'AAA', '级', 'AA', '级', '企业债', '城', '投债', '利率', '平均', '上行', '3bp', '转债', '下跌', '0.76%', '美债', '利率', '倒挂', '经济趋势', '回落', '上周', '年期', '美债', '利率', '降至', '2.14%', '创下', '新低', '年期', '美债', '利率', '低于', '年期', '美债', '利率', '指标', '衡量', '美债', '利率', '曲线', '倒挂', '期货市场', '观察', '美国', '降息', '预期', '近期', '大幅', '升温', '月份', '美国', '降息', '概率', '升至', '73.9%', '市场', '预期', '美联储', '将会', '启动', '第二次', '降息', '工业', '减速', '通胀', '预期', '下降', '制造业', 'PMI', '下降', '49.4%', '荣', '枯线', '之下', '需求', '生产指数', '双双', '放缓', '中观', '指标', '观察', '地产', '销售', '增速', '下滑', '乘用车', '零售', '降幅', '缩窄', '批发', '降幅', '仍高', '电厂', '发电', '耗煤', '增速', '降幅', '19%', '显示', '经济', '减速', '物价', '走势', '猪价', '涨幅', '回落', '国际', '油价', '铜价', '国内', '煤价', '大幅', '下跌', '预示', '通胀', '预期', '回落', '预计', 'CPI', '有望', '中见', '顶', '下半年', '通胀', '有望', '回落', '包商', '托管', '冲击', '央行', '维稳', '资金', '央行', '银', '保监会', '联合', '发布公告', '称', '包商', '银行', '股份', '有限公司', '信用风险', '包商', '银行', '实行', '为期', '一年', '接管', '信用风险', '是因为', '资产', '端', '质量', '欠佳', '包商', '银行', '不良率', '资本', '充足率', '低于', '同业', '水平', '二是', '同业', '负债', '占', '比过', '高', '季度', '同业', '负债', '占', '44%', '超过', '监管', '红线', '包商', '银行', '托管', '引发', '中小银行', '信用风险', '担心', '统计', '家', '农商', '城商行', '尚未', '披露', '年报', '同业', '负债', '占', '超过', '35%', '银行', '值得', '关注', '货基', '赎回', '压力', '包商', '相关', '交易', '冻结', '连锁反应', '资', '金融', '出方', '谨慎', '原因', '短期', '冲击', '银行', '间', '流动性', '上周', 'AA', '评级', '同业', '存单', '利率', '上行', '超', '20bp', '商业银行', '同业', '存单', '发行', '难度', '加大', '流动性', '压力', '短期', '包商', '银行', '处置', '明天', '系', '特殊性', '短期内', '类似', '事件', '密集', '爆发', '概率', '央行', '上周', '加大', '货币', '投放', '力度', '钱', '荒', '央行', '建立', 'slf', '制度', '地方', '中小银行', '地方', '央行', '举借', '资金', '钱荒', '重演', '上周', '流动性', '先紧', '后松', '债市', '依旧', '利率', '有望', '下行', '展望未来', '债市', '依旧', '有三大', '因素', '支撑', '债市', '未来', '上涨', '一是', '海外', '宽松', '预期', '升温', '美国', '墨西哥', '引发', '美国股市', '大幅', '下跌', '年期', '美债', '利率', '大幅', '下降', '年期', '国债', '利差', '超过', '110bp', '二是', '国内', '经济', '下滑', '需求', '生产指标', '再度', '下滑', '通胀', '预期', '大幅', '下降', '基本面', '支持', '债市', '上涨', '三是', '打破', '刚性', '兑付', '长期', '降低', '货币', '增速', '有利于', '利率', '中枢', '下行', '综合', '包商', '银行', '事件', '短期', '冲击', '市场', '流动性', '央行', '利率', '走廊', '维稳', '之下', '债市', '重演', '钱', '荒', '事件', '月份', '2.6%', 'DR007', '均值', '之下', '3.3%', '年期', '国债', '配置', '价值', '货币', '利率', '利率', '波动', '仍大', '货币', '利率', '冲高', '回落', '上周', '央行', '逆', '回购', '5300', '亿', '逆', '回购', '到期', '1000', '亿', '国库', '现金', '定存', '800', '亿', '央行', '整周', '净回', '投放', '5100', '亿', '货币', '利率', '冲高', '回落', 'R007', '均值', '上行', '30BP', '3.01%', 'R001', '均值', '下行', '13BP', '2.49%', 'DR007', '均值', '上行', '9BP', '2.74%', 'DR001', '均值', '下行', '15BP', '2.42%', '高质量', '经济', '发展', '匹配', '低', '货币', '增速', '中国', '央行', '货政司', '司长', '孙国峰', '金融街', '论坛', '会上', '指出', '货币政策', '供给', '侧', '结构性', '改革', '经济', '高质量', '发展', '营造', '适宜', '货币', '金融', '环境', 'M2', '社会', '融资', '规模', '增速', '名义', 'GDP', '增速', '相', '挂钩', '判断', '稳健', '货币政策', '松紧', '适度', '提供', '衡量标准', '稳健', '货币政策', '货币', '条件', '经济', '平稳', '增长', '物价', '稳定', '相匹配', '宏观', '杠杆', '率', '总体', '平稳', '结构', '优化', '很长', '一段时间', '高', '储蓄', '水平', '间接', '融资', '融资', '结构', '住房', '货币化', '金融', '深化', '出口', '投资', '依赖', '因素', '影响', '我国', 'M2', '增速', '高于', '名义', 'GDP', '增速', '我国', '经济', '高速', '增长', '转向', '高质量', '发展', '住房', '货币化', '储蓄', '结构', '融资', '结构', '结构性', '因素', '发生变化', '慢', '一点', '货币', '增速', '经济运行', '区间', '面对', '内外部', '挑战', '央行', '货币政策', '应对', '空间', '充足', '货币政策', '工具箱', '人民银行', '实施', '稳健', '货币政策', '经济', '增长', '价格', '形势', '变化', '预调', '微调', '流动性', '充裕', '\xa0', '利率', '波动', '加大', '受', '包商', '银行', '托管', '事件', '扰动', '市场', '流动性', '趋紧', '央行', '加大', '资金', '投放', '改变', '资金面', '预期', '流动性', '重回', '宽裕', '状态', '展望', '传统', '财政', '存款', '投放', '窗口', '6630', '亿', 'MLF', '到期', '5300', '亿逆', '回购', '到期', '第一周', '月末', '还会', '面临', '银行', '半年', '末', '资金', '考核', '压力', '近期', '国库', '现金', '定存', '操作', '利率', '上行', '同业', '存单', '发行', '难度', '加大', '预示', '银行', '负债', '压力', '资金', '波动', '加大', '资金面', '呈现', '紧', '松', '紧', '节奏', '利率', '债', '债牛', '行情', '延续', '债市', '震荡', '上周', '年期', '国债', '收', '2.68%', '较前', '一周', '下行', '1BP', '年期', '国债', '收于', '3.28%', '较前', '一周', '下行', '4BP', '年期', '国开债', '收于', '2.87%', '较前', '一周', '上行', '5BP', '年期', '国开债', '收于', '3.70%', '较前', '一周', '上行', '1BP', '供给', '增加', '需求', '较强', '上周', '记账式', '国债', '发行', '471', '亿元', '到期', '亿元', '政策性', '金融债', '发行', '807', '亿元', '到期', '亿元', '地方', '政府', '债', '发行', '1271', '亿元', '到期', '523', '亿元', '上周', '利率', '债净', '供给', '1927', '亿元', '环比', '增加', '296', '亿元', '信用', '债', '发行', '1133', '亿元', '到期', '1140', '亿元', '净', '供给', '亿元', '经济', '下行', '压力', '未消', '制造业', 'PMI', '回落', '跌', '线下', '制造业', '景气', '偏弱', '中观', '数据', '供需', '两端', '偏弱', '态势', '延续', '终端', '需求', '走弱', '产销量', '增速', '乘用车', '批发', '增速', '均现', '下滑', '工业生产', '依然', '偏紧', '发电', '耗煤', '跌幅', '汽车', '钢铁', '江浙', '织机', '开工率', '处', '同期', '低位', '供需', '两端', '偏弱', '叠加', '摩擦', '冲击', '经济', '下行', '压力', '未消', '内外', '形势', '债市', '城商行', '农', '商行', '总', '负债', '增速', '高于', 'GDP', '名义', '增速', '金融', '供给', '侧', '改革', '方向', '包商', '银行', '托管', '引发', '打破', '金融', '兑潮', '金融债', '等级', '间', '利差', '有望', '利于', '长期', '无风险', '利率', '下行', '近期', '美国', '长债', '收益率', '下行', '曲线', '倒挂', '预示', '美国', '经济', '步入', '衰退', '倒逼', '美联储', '货币政策', '再度', '放松', '国内', '货币', '宽松', '外部', '压力', '减轻', '利差', '走', '扩', '国内', '债市', '收益率', '下行', '打开', '空间', '国内', '经济', '通胀', '资金面', '债市', '支撑', '海外', '摩擦', '加剧', '避险', '情绪', '推动', '债市', '收益率', '曲线', '有望', '走向', '牛平', '信用', '债', '打破', '刚兑', '加速', '信用', '债', '收益率', '上行', '上周', '信用', '债', '收益率', '行', '信用', '利差', '主动', 'AAA', '级', '企业债', '收益率', '平均', '上行', '1BP', 'AA', '级', '企业债', '收益率', '平均', '上行', '2BP', '城', '投债', '收益率', '上行', '3BP', '高风险', '金融机构', '处置', '力度', '包商', '银行', '事件', '意味着', '未来', '监管', '高风险', '金融机构', '处置', '力度', '金融机构', '淘汰', '金融机构', '标准', '资不抵债', '持续', '经营', '触发', '处置', '机制', '重组', '机构', '间', '兼并', '收购', '降低', '市场', '冲击', '资产', '质量', '较差', '依赖', '同业', '负债', '扩张', '股东', '支持', '能力', '弱', '中小银行', '重灾区', '打破', '刚兑', '加速', '超日债', '违约', '打破', '产业', '债刚', '兑', '国企', '城投', '金融', '领域', '信用', '债', '兑', '预期', '仍强', '包商', '银行', '同业', '存单', '金融债', '受偿', '意味着', '金融', '刚兑', '正式', '打破', '产业', '债', '打破', '兑后', '产业', '债', '等级', '间', '利差', '趋势性', '走高', '金融', '领域', '打破', '刚兑', '金融债', '等级', '间', '利差', '有望', '打开', '高等级', '信用', '债', '收益率', '下行', '空间', '可转债', '转债', '估值', '压缩', '转债', '指数', '下跌', '上周', '中证', '转债', '指数', '下跌', '0.76%', '日均', '成交量', '包含', 'EB', '50.9', '亿元', '环比', '下降', '7%', '计算', '转债', '全', '样本', '指数', '包含', '公募', 'EB', '下跌', '0.57%', '同期', '沪', '深', '300', '指数', '上涨', '1%', '创业板', '指', '上涨', '2.76%', '上证', '上涨', '1%', '个券', '涨', '124', '跌', '正股', '128', '涨', '平', '跌', '涨幅', '前', '位', '金农', '转债', '24.67%', '冰轮', '转债', '6.7%', '天康', '转债', '6.52%', '天马', '转债', '4.61%', '特发', '转债', '4.36%', '新券', '发行', '重启', '周转', '债', '发行', '重启', '泰和', '三星', '新材', '两只', '转债', '发行', '审批', '进度', '加快', '安图', '生物', '6.83', '亿元', '转债', '收到', '批文', '英科', '医疗', '4.7', '亿元', '转债', '过会', '北京', '文化', '亿元', '新莱应材', '2.8', '亿元', '转债', '获', '受理', '索菲亚', '亿元', '终止', '转债', '发行', '上周', '滨化', '股份', '亿元', '天赐', '材料', '11.4', '亿元', '东方', '财富', '亿元', '家', '公司', '公布', '转债', '预案', '转债', '估值', '压缩', '上周', '权益', '市场', '震荡', '反弹', '股指', '小幅', '收涨', '转债', '全周', '收跌', '估值', '大幅', '压缩', '导致', '转债', '权益', '市场走势', '板块', '这一', '现象', '集中体现', '银行', '转债', '包商', '银行', '事件', '影响', '上周', '银行', '转债', '大幅', '下跌', '张行', '江银', '城商行', '转债', '跌幅', '远']"
30,"['转债', '包商', '利率', '下行', '债市', '亿元', '美债']",37659,"['美债', '利率', '倒挂', '国内', '债市', '海通', '债券', '每周', '交流', '思考', '320', '期', '姜超', '来源', '姜超', '宏观', '债券', '研究', '美债', '利率', '倒挂', '国内', '债市', '海通', '债券', '每周', '交流', '思考', '320', '期', '姜超', '摘', ' ', '上周', '债市', '短期', '震荡', '国债', '利率', '平均', '下行', '3bp', 'AAA', '级', 'AA', '级', '企业债', '城', '投债', '利率', '平均', '上行', '3bp', '转债', '下跌', '0.76%', '美债', '利率', '倒挂', '经济趋势', '回落', '上周', '年期', '美债', '利率', '降至', '2.14%', '创下', '新低', '年期', '美债', '利率', '低于', '年期', '美债', '利率', '指标', '衡量', '美债', '利率', '曲线', '倒挂', '期货市场', '观察', '美国', '降息', '预期', '近期', '大幅', '升温', '月份', '美国', '降息', '概率', '升至', '73.9%', '市场', '预期', '美联储', '将会', '启动', '第二次', '降息', '工业', '减速', '通胀', '预期', '下降', '制造业', 'PMI', '下降', '49.4%', '荣', '枯线', '之下', '需求', '生产指数', '双双', '放缓', '中观', '指标', '观察', '地产', '销售', '增速', '下滑', '乘用车', '零售', '降幅', '缩窄', '批发', '降幅', '仍高', '电厂', '发电', '耗煤', '增速', '降幅', '19%', '显示', '经济', '减速', '物价', '走势', '猪价', '涨幅', '回落', '国际', '油价', '铜价', '国内', '煤价', '大幅', '下跌', '预示', '通胀', '预期', '回落', '预计', 'CPI', '有望', '中见', '顶', '下半年', '通胀', '有望', '回落', '包商', '托管', '冲击', '央行', '维稳', '资金', '央行', '银', '保监会', '联合', '发布公告', '称', '包商', '银行', '股份', '有限公司', '信用风险', '包商', '银行', '实行', '为期', '一年', '接管', '信用风险', '是因为', '资产', '端', '质量', '欠佳', '包商', '银行', '不良率', '资本', '充足率', '低于', '同业', '水平', '二是', '同业', '负债', '占', '比过', '高', '季度', '同业', '负债', '占', '44%', '超过', '监管', '红线', '包商', '银行', '托管', '引发', '中小银行', '信用风险', '担心', '统计', '家', '农商', '城商行', '尚未', '披露', '年报', '同业', '负债', '占', '超过', '35%', '银行', '值得', '关注', '货基', '赎回', '压力', '包商', '相关', '交易', '冻结', '连锁反应', '资', '金融', '出方', '谨慎', '原因', '短期', '冲击', '银行', '间', '流动性', '上周', 'AA', '评级', '同业', '存单', '利率', '上行', '超', '20bp', '商业银行', '同业', '存单', '发行', '难度', '加大', '流动性', '压力', '短期', '包商', '银行', '处置', '明天', '系', '特殊性', '短期内', '类似', '事件', '密集', '爆发', '概率', '央行', '上周', '加大', '货币', '投放', '力度', '钱', '荒', '央行', '建立', 'slf', '制度', '地方', '中小银行', '地方', '央行', '举借', '资金', '钱荒', '重演', '上周', '流动性', '先紧', '后松', '债市', '依旧', '利率', '有望', '下行', '展望未来', '债市', '依旧', '有三大', '因素', '支撑', '债市', '未来', '上涨', '一是', '海外', '宽松', '预期', '升温', '美国', '墨西哥', '引发', '美国股市', '大幅', '下跌', '年期', '美债', '利率', '大幅', '下降', '年期', '国债', '利差', '超过', '110bp', '二是', '国内', '经济', '下滑', '需求', '生产指标', '再度', '下滑', '通胀', '预期', '大幅', '下降', '基本面', '支持', '债市', '上涨', '三是', '打破', '刚性', '兑付', '长期', '降低', '货币', '增速', '有利于', '利率', '中枢', '下行', '综合', '包商', '银行', '事件', '短期', '冲击', '市场', '流动性', '央行', '利率', '走廊', '维稳', '之下', '债市', '重演', '钱', '荒', '事件', '月份', '2.6%', 'DR007', '均值', '之下', '3.3%', '年期', '国债', '配置', '价值', '货币', '利率', '利率', '波动', '仍大', '货币', '利率', '冲高', '回落', '上周', '央行', '逆', '回购', '5300', '亿', '逆', '回购', '到期', '1000', '亿', '国库', '现金', '定存', '800', '亿', '央行', '整周', '净回', '投放', '5100', '亿', '货币', '利率', '冲高', '回落', 'R007', '均值', '上行', '30BP', '3.01%', 'R001', '均值', '下行', '13BP', '2.49%', 'DR007', '均值', '上行', '9BP', '2.74%', 'DR001', '均值', '下行', '15BP', '2.42%', '高质量', '经济', '发展', '匹配', '低', '货币', '增速', '中国', '央行', '货政司', '司长', '孙国峰', '金融街', '论坛', '会上', '指出', '货币政策', '供给', '侧', '结构性', '改革', '经济', '高质量', '发展', '营造', '适宜', '货币', '金融', '环境', 'M2', '社会', '融资', '规模', '增速', '名义', 'GDP', '增速', '相', '挂钩', '判断', '稳健', '货币政策', '松紧', '适度', '提供', '衡量标准', '稳健', '货币政策', '货币', '条件', '经济', '平稳', '增长', '物价', '稳定', '相匹配', '宏观', '杠杆', '率', '总体', '平稳', '结构', '优化', '很长', '一段时间', '高', '储蓄', '水平', '间接', '融资', '融资', '结构', '住房', '货币化', '金融', '深化', '出口', '投资', '依赖', '因素', '影响', '我国', 'M2', '增速', '高于', '名义', 'GDP', '增速', '我国', '经济', '高速', '增长', '转向', '高质量', '发展', '住房', '货币化', '储蓄', '结构', '融资', '结构', '结构性', '因素', '发生变化', '慢', '一点', '货币', '增速', '经济运行', '区间', '面对', '内外部', '挑战', '央行', '货币政策', '应对', '空间', '充足', '货币政策', '工具箱', '人民银行', '实施', '稳健', '货币政策', '经济', '增长', '价格', '形势', '变化', '预调', '微调', '流动性', '充裕', '\xa0', '利率', '波动', '加大', '受', '包商', '银行', '托管', '事件', '扰动', '市场', '流动性', '趋紧', '央行', '加大', '资金', '投放', '改变', '资金面', '预期', '流动性', '重回', '宽裕', '状态', '展望', '传统', '财政', '存款', '投放', '窗口', '6630', '亿', 'MLF', '到期', '5300', '亿逆', '回购', '到期', '第一周', '月末', '还会', '面临', '银行', '半年', '末', '资金', '考核', '压力', '近期', '国库', '现金', '定存', '操作', '利率', '上行', '同业', '存单', '发行', '难度', '加大', '预示', '银行', '负债', '压力', '资金', '波动', '加大', '资金面', '呈现', '紧', '松', '紧', '节奏', '利率', '债', '债牛', '行情', '延续', '债市', '震荡', '上周', '年期', '国债', '收', '2.68%', '较前', '一周', '下行', '1BP', '年期', '国债', '收于', '3.28%', '较前', '一周', '下行', '4BP', '年期', '国开债', '收于', '2.87%', '较前', '一周', '上行', '5BP', '年期', '国开债', '收于', '3.70%', '较前', '一周', '上行', '1BP', '供给', '增加', '需求', '较强', '上周', '记账式', '国债', '发行', '471', '亿元', '到期', '亿元', '政策性', '金融债', '发行', '807', '亿元', '到期', '亿元', '地方', '政府', '债', '发行', '1271', '亿元', '到期', '523', '亿元', '上周', '利率', '债净', '供给', '1927', '亿元', '环比', '增加', '296', '亿元', '信用', '债', '发行', '1133', '亿元', '到期', '1140', '亿元', '净', '供给', '亿元', '经济', '下行', '压力', '未消', '制造业', 'PMI', '回落', '跌', '线下', '制造业', '景气', '偏弱', '中观', '数据', '供需', '两端', '偏弱', '态势', '延续', '终端', '需求', '走弱', '产销量', '增速', '乘用车', '批发', '增速', '均现', '下滑', '工业生产', '依然', '偏紧', '发电', '耗煤', '跌幅', '汽车', '钢铁', '江浙', '织机', '开工率', '处', '同期', '低位', '供需', '两端', '偏弱', '叠加', '摩擦', '冲击', '经济', '下行', '压力', '未消', '内外', '形势', '债市', '城商行', '农', '商行', '总', '负债', '增速', '高于', 'GDP', '名义', '增速', '金融', '供给', '侧', '改革', '方向', '包商', '银行', '托管', '引发', '打破', '金融', '兑潮', '金融债', '等级', '间', '利差', '有望', '利于', '长期', '无风险', '利率', '下行', '近期', '美国', '长债', '收益率', '下行', '曲线', '倒挂', '预示', '美国', '经济', '步入', '衰退', '倒逼', '美联储', '货币政策', '再度', '放松', '国内', '货币', '宽松', '外部', '压力', '减轻', '利差', '走', '扩', '国内', '债市', '收益率', '下行', '打开', '空间', '国内', '经济', '通胀', '资金面', '债市', '支撑', '海外', '摩擦', '加剧', '避险', '情绪', '推动', '债市', '收益率', '曲线', '有望', '走向', '牛平', '信用', '债', '打破', '刚兑', '加速', '信用', '债', '收益率', '上行', '上周', '信用', '债', '收益率', '行', '信用', '利差', '主动', 'AAA', '级', '企业债', '收益率', '平均', '上行', '1BP', 'AA', '级', '企业债', '收益率', '平均', '上行', '2BP', '城', '投债', '收益率', '上行', '3BP', '高风险', '金融机构', '处置', '力度', '包商', '银行', '事件', '意味着', '未来', '监管', '高风险', '金融机构', '处置', '力度', '金融机构', '淘汰', '金融机构', '标准', '资不抵债', '持续', '经营', '触发', '处置', '机制', '重组', '机构', '间', '兼并', '收购', '降低', '市场', '冲击', '资产', '质量', '较差', '依赖', '同业', '负债', '扩张', '股东', '支持', '能力', '弱', '中小银行', '重灾区', '打破', '刚兑', '加速', '超日债', '违约', '打破', '产业', '债刚', '兑', '国企', '城投', '金融', '领域', '信用', '债', '兑', '预期', '仍强', '包商', '银行', '同业', '存单', '金融债', '受偿', '意味着', '金融', '刚兑', '正式', '打破', '产业', '债', '打破', '兑后', '产业', '债', '等级', '间', '利差', '趋势性', '走高', '金融', '领域', '打破', '刚兑', '金融债', '等级', '间', '利差', '有望', '打开', '高等级', '信用', '债', '收益率', '下行', '空间', '可转债', '转债', '估值', '压缩', '转债', '指数', '下跌', '上周', '中证', '转债', '指数', '下跌', '0.76%', '日均', '成交量', '包含', 'EB', '50.9', '亿元', '环比', '下降', '7%', '计算', '转债', '全', '样本', '指数', '包含', '公募', 'EB', '下跌', '0.57%', '同期', '沪', '深', '300', '指数', '上涨', '1%', '创业板', '指', '上涨', '2.76%', '上证', '上涨', '1%', '个券', '涨', '124', '跌', '正股', '128', '涨', '平', '跌', '涨幅', '前', '位', '金农', '转债', '24.67%', '冰轮', '转债', '6.7%', '天康', '转债', '6.52%', '天马', '转债', '4.61%', '特发', '转债', '4.36%', '新券', '发行', '重启', '周转', '债', '发行', '重启', '泰和', '三星', '新材', '两只', '转债', '发行', '审批', '进度', '加快', '安图', '生物', '6.83', '亿元', '转债', '收到', '批文', '英科', '医疗', '4.7', '亿元', '转债', '过会', '北京', '文化', '亿元', '新莱应材', '2.8', '亿元', '转债', '获', '受理', '索菲亚', '亿元', '终止', '转债', '发行', '上周', '滨化', '股份', '亿元', '天赐', '材料', '11.4', '亿元', '东方', '财富', '亿元', '家', '公司', '公布', '转债', '预案', '转债', '估值', '压缩', '上周', '权益', '市场', '震荡', '反弹', '股指', '小幅', '收涨', '转债', '全周', '收跌', '估值', '大幅', '压缩', '导致', '转债', '权益', '市场走势', '板块', '这一', '现象', '集中体现', '银行', '转债', '包商', '银行', '事件', '影响', '上周', '银行', '转债', '大幅', '下跌', '张行', '江银', '城商行', '转债', '跌幅', '远']"
31,"['转债', '包商', '利率', '下行', '债市', '亿元', '美债']",37660,"['美债', '利率', '倒挂', '国内', '债市', '海通', '债券', '每周', '交流', '思考', '320', '期', '姜超', '来源', '姜超', '宏观', '债券', '研究', '美债', '利率', '倒挂', '国内', '债市', '海通', '债券', '每周', '交流', '思考', '320', '期', '姜超', '摘', ' ', '上周', '债市', '短期', '震荡', '国债', '利率', '平均', '下行', '3bp', 'AAA', '级', 'AA', '级', '企业债', '城', '投债', '利率', '平均', '上行', '3bp', '转债', '下跌', '0.76%', '美债', '利率', '倒挂', '经济趋势', '回落', '上周', '年期', '美债', '利率', '降至', '2.14%', '创下', '新低', '年期', '美债', '利率', '低于', '年期', '美债', '利率', '指标', '衡量', '美债', '利率', '曲线', '倒挂', '期货市场', '观察', '美国', '降息', '预期', '近期', '大幅', '升温', '月份', '美国', '降息', '概率', '升至', '73.9%', '市场', '预期', '美联储', '将会', '启动', '第二次', '降息', '工业', '减速', '通胀', '预期', '下降', '制造业', 'PMI', '下降', '49.4%', '荣', '枯线', '之下', '需求', '生产指数', '双双', '放缓', '中观', '指标', '观察', '地产', '销售', '增速', '下滑', '乘用车', '零售', '降幅', '缩窄', '批发', '降幅', '仍高', '电厂', '发电', '耗煤', '增速', '降幅', '19%', '显示', '经济', '减速', '物价', '走势', '猪价', '涨幅', '回落', '国际', '油价', '铜价', '国内', '煤价', '大幅', '下跌', '预示', '通胀', '预期', '回落', '预计', 'CPI', '有望', '中见', '顶', '下半年', '通胀', '有望', '回落', '包商', '托管', '冲击', '央行', '维稳', '资金', '央行', '银', '保监会', '联合', '发布公告', '称', '包商', '银行', '股份', '有限公司', '信用风险', '包商', '银行', '实行', '为期', '一年', '接管', '信用风险', '是因为', '资产', '端', '质量', '欠佳', '包商', '银行', '不良率', '资本', '充足率', '低于', '同业', '水平', '二是', '同业', '负债', '占', '比过', '高', '季度', '同业', '负债', '占', '44%', '超过', '监管', '红线', '包商', '银行', '托管', '引发', '中小银行', '信用风险', '担心', '统计', '家', '农商', '城商行', '尚未', '披露', '年报', '同业', '负债', '占', '超过', '35%', '银行', '值得', '关注', '货基', '赎回', '压力', '包商', '相关', '交易', '冻结', '连锁反应', '资', '金融', '出方', '谨慎', '原因', '短期', '冲击', '银行', '间', '流动性', '上周', 'AA', '评级', '同业', '存单', '利率', '上行', '超', '20bp', '商业银行', '同业', '存单', '发行', '难度', '加大', '流动性', '压力', '短期', '包商', '银行', '处置', '明天', '系', '特殊性', '短期内', '类似', '事件', '密集', '爆发', '概率', '央行', '上周', '加大', '货币', '投放', '力度', '钱', '荒', '央行', '建立', 'slf', '制度', '地方', '中小银行', '地方', '央行', '举借', '资金', '钱荒', '重演', '上周', '流动性', '先紧', '后松', '债市', '依旧', '利率', '有望', '下行', '展望未来', '债市', '依旧', '有三大', '因素', '支撑', '债市', '未来', '上涨', '一是', '海外', '宽松', '预期', '升温', '美国', '墨西哥', '引发', '美国股市', '大幅', '下跌', '年期', '美债', '利率', '大幅', '下降', '年期', '国债', '利差', '超过', '110bp', '二是', '国内', '经济', '下滑', '需求', '生产指标', '再度', '下滑', '通胀', '预期', '大幅', '下降', '基本面', '支持', '债市', '上涨', '三是', '打破', '刚性', '兑付', '长期', '降低', '货币', '增速', '有利于', '利率', '中枢', '下行', '综合', '包商', '银行', '事件', '短期', '冲击', '市场', '流动性', '央行', '利率', '走廊', '维稳', '之下', '债市', '重演', '钱', '荒', '事件', '月份', '2.6%', 'DR007', '均值', '之下', '3.3%', '年期', '国债', '配置', '价值', '货币', '利率', '利率', '波动', '仍大', '货币', '利率', '冲高', '回落', '上周', '央行', '逆', '回购', '5300', '亿', '逆', '回购', '到期', '1000', '亿', '国库', '现金', '定存', '800', '亿', '央行', '整周', '净回', '投放', '5100', '亿', '货币', '利率', '冲高', '回落', 'R007', '均值', '上行', '30BP', '3.01%', 'R001', '均值', '下行', '13BP', '2.49%', 'DR007', '均值', '上行', '9BP', '2.74%', 'DR001', '均值', '下行', '15BP', '2.42%', '高质量', '经济', '发展', '匹配', '低', '货币', '增速', '中国', '央行', '货政司', '司长', '孙国峰', '金融街', '论坛', '会上', '指出', '货币政策', '供给', '侧', '结构性', '改革', '经济', '高质量', '发展', '营造', '适宜', '货币', '金融', '环境', 'M2', '社会', '融资', '规模', '增速', '名义', 'GDP', '增速', '相', '挂钩', '判断', '稳健', '货币政策', '松紧', '适度', '提供', '衡量标准', '稳健', '货币政策', '货币', '条件', '经济', '平稳', '增长', '物价', '稳定', '相匹配', '宏观', '杠杆', '率', '总体', '平稳', '结构', '优化', '很长', '一段时间', '高', '储蓄', '水平', '间接', '融资', '融资', '结构', '住房', '货币化', '金融', '深化', '出口', '投资', '依赖', '因素', '影响', '我国', 'M2', '增速', '高于', '名义', 'GDP', '增速', '我国', '经济', '高速', '增长', '转向', '高质量', '发展', '住房', '货币化', '储蓄', '结构', '融资', '结构', '结构性', '因素', '发生变化', '慢', '一点', '货币', '增速', '经济运行', '区间', '面对', '内外部', '挑战', '央行', '货币政策', '应对', '空间', '充足', '货币政策', '工具箱', '人民银行', '实施', '稳健', '货币政策', '经济', '增长', '价格', '形势', '变化', '预调', '微调', '流动性', '充裕', '\xa0', '利率', '波动', '加大', '受', '包商', '银行', '托管', '事件', '扰动', '市场', '流动性', '趋紧', '央行', '加大', '资金', '投放', '改变', '资金面', '预期', '流动性', '重回', '宽裕', '状态', '展望', '传统', '财政', '存款', '投放', '窗口', '6630', '亿', 'MLF', '到期', '5300', '亿逆', '回购', '到期', '第一周', '月末', '还会', '面临', '银行', '半年', '末', '资金', '考核', '压力', '近期', '国库', '现金', '定存', '操作', '利率', '上行', '同业', '存单', '发行', '难度', '加大', '预示', '银行', '负债', '压力', '资金', '波动', '加大', '资金面', '呈现', '紧', '松', '紧', '节奏', '利率', '债', '债牛', '行情', '延续', '债市', '震荡', '上周', '年期', '国债', '收', '2.68%', '较前', '一周', '下行', '1BP', '年期', '国债', '收于', '3.28%', '较前', '一周', '下行', '4BP', '年期', '国开债', '收于', '2.87%', '较前', '一周', '上行', '5BP', '年期', '国开债', '收于', '3.70%', '较前', '一周', '上行', '1BP', '供给', '增加', '需求', '较强', '上周', '记账式', '国债', '发行', '471', '亿元', '到期', '亿元', '政策性', '金融债', '发行', '807', '亿元', '到期', '亿元', '地方', '政府', '债', '发行', '1271', '亿元', '到期', '523', '亿元', '上周', '利率', '债净', '供给', '1927', '亿元', '环比', '增加', '296', '亿元', '信用', '债', '发行', '1133', '亿元', '到期', '1140', '亿元', '净', '供给', '亿元', '经济', '下行', '压力', '未消', '制造业', 'PMI', '回落', '跌', '线下', '制造业', '景气', '偏弱', '中观', '数据', '供需', '两端', '偏弱', '态势', '延续', '终端', '需求', '走弱', '产销量', '增速', '乘用车', '批发', '增速', '均现', '下滑', '工业生产', '依然', '偏紧', '发电', '耗煤', '跌幅', '汽车', '钢铁', '江浙', '织机', '开工率', '处', '同期', '低位', '供需', '两端', '偏弱', '叠加', '摩擦', '冲击', '经济', '下行', '压力', '未消', '内外', '形势', '债市', '城商行', '农', '商行', '总', '负债', '增速', '高于', 'GDP', '名义', '增速', '金融', '供给', '侧', '改革', '方向', '包商', '银行', '托管', '引发', '打破', '金融', '兑潮', '金融债', '等级', '间', '利差', '有望', '利于', '长期', '无风险', '利率', '下行', '近期', '美国', '长债', '收益率', '下行', '曲线', '倒挂', '预示', '美国', '经济', '步入', '衰退', '倒逼', '美联储', '货币政策', '再度', '放松', '国内', '货币', '宽松', '外部', '压力', '减轻', '利差', '走', '扩', '国内', '债市', '收益率', '下行', '打开', '空间', '国内', '经济', '通胀', '资金面', '债市', '支撑', '海外', '摩擦', '加剧', '避险', '情绪', '推动', '债市', '收益率', '曲线', '有望', '走向', '牛平', '信用', '债', '打破', '刚兑', '加速', '信用', '债', '收益率', '上行', '上周', '信用', '债', '收益率', '行', '信用', '利差', '主动', 'AAA', '级', '企业债', '收益率', '平均', '上行', '1BP', 'AA', '级', '企业债', '收益率', '平均', '上行', '2BP', '城', '投债', '收益率', '上行', '3BP', '高风险', '金融机构', '处置', '力度', '包商', '银行', '事件', '意味着', '未来', '监管', '高风险', '金融机构', '处置', '力度', '金融机构', '淘汰', '金融机构', '标准', '资不抵债', '持续', '经营', '触发', '处置', '机制', '重组', '机构', '间', '兼并', '收购', '降低', '市场', '冲击', '资产', '质量', '较差', '依赖', '同业', '负债', '扩张', '股东', '支持', '能力', '弱', '中小银行', '重灾区', '打破', '刚兑', '加速', '超日债', '违约', '打破', '产业', '债刚', '兑', '国企', '城投', '金融', '领域', '信用', '债', '兑', '预期', '仍强', '包商', '银行', '同业', '存单', '金融债', '受偿', '意味着', '金融', '刚兑', '正式', '打破', '产业', '债', '打破', '兑后', '产业', '债', '等级', '间', '利差', '趋势性', '走高', '金融', '领域', '打破', '刚兑', '金融债', '等级', '间', '利差', '有望', '打开', '高等级', '信用', '债', '收益率', '下行', '空间', '可转债', '转债', '估值', '压缩', '转债', '指数', '下跌', '上周', '中证', '转债', '指数', '下跌', '0.76%', '日均', '成交量', '包含', 'EB', '50.9', '亿元', '环比', '下降', '7%', '计算', '转债', '全', '样本', '指数', '包含', '公募', 'EB', '下跌', '0.57%', '同期', '沪', '深', '300', '指数', '上涨', '1%', '创业板', '指', '上涨', '2.76%', '上证', '上涨', '1%', '个券', '涨', '124', '跌', '正股', '128', '涨', '平', '跌', '涨幅', '前', '位', '金农', '转债', '24.67%', '冰轮', '转债', '6.7%', '天康', '转债', '6.52%', '天马', '转债', '4.61%', '特发', '转债', '4.36%', '新券', '发行', '重启', '周转', '债', '发行', '重启', '泰和', '三星', '新材', '两只', '转债', '发行', '审批', '进度', '加快', '安图', '生物', '6.83', '亿元', '转债', '收到', '批文', '英科', '医疗', '4.7', '亿元', '转债', '过会', '北京', '文化', '亿元', '新莱应材', '2.8', '亿元', '转债', '获', '受理', '索菲亚', '亿元', '终止', '转债', '发行', '上周', '滨化', '股份', '亿元', '天赐', '材料', '11.4', '亿元', '东方', '财富', '亿元', '家', '公司', '公布', '转债', '预案', '转债', '估值', '压缩', '上周', '权益', '市场', '震荡', '反弹', '股指', '小幅', '收涨', '转债', '全周', '收跌', '估值', '大幅', '压缩', '导致', '转债', '权益', '市场走势', '板块', '这一', '现象', '集中体现', '银行', '转债', '包商', '银行', '事件', '影响', '上周', '银行', '转债', '大幅', '下跌', '张行', '江银', '城商行', '转债', '跌幅', '远']"
32,"['并购', '证券', '投行', '整合', '行业', '证券公司', '业务']",37661,"['证券', '证券', '行业', '并购', '重组', '深度', '报告', '勇立', '潮头', '方显', '担当', '来源', '天风', '研究', '※', '\xa0', '一流', '投行', '肩负', '时代', '重任', '先', '做', '做', '强', '先取势', '取利', '经济', '动能', '转换', '时代', '背景', '资本', '市场', '定位', '前所未有', '高度', '中国', '高盛', '摩根士丹利', '承载', '中国', '资本', '市场', '核心', '功能', '打造', '高质量', '发展', '新', '引擎', '中国', '证券', '行业', '头部', '券商', '整体', '规模', '偏小', '证券业', '总资产', 'GDP', '金融业', '中', '占', '比过', '低', '证券', '行业', '盈利', '能力', 'ROE', '年份', '牛市', '外', '年份', '不及', '商业银行', '原因', '轻', '资产', '业务', '模式', '简单', '带来', '竞争', '加剧', '佣金', '率', '下降', '重', '资产', '业务', '偏向', '债权', '利差', '低', '杠杆', '倍数', '过低', '展望未来', '轻', '资产', '业务', '财富', '管理', '投行', '资管', '承载', '专业', '能力', '体现', '差异', '重', '资产', '业务', '自营', '资本', '中介', '过度', '聚焦', '债权', '投资', '融资', '融券', '股票', '质押', '加大', '股权', '投资', '比重', '过程', '中', '拥有', '产业', '投研', '能力', '产业', '资源优势', '证券公司', '做', '承担', '历史', '重任', '※', '\xa0', '大型', '证券公司', '未来', '一流', '投行', '盈利', '能力', '优势', '并购', '重组', '提升', '实力', '手段', '轻', '资产', '业务', '线均', '面临', '能力', '升级', '各家', '券商', '能力', '差异', '导致', '集中度', '提升', '重', '资产', '业务', '债权', '转向', '股权', '产业', '研究', '股权', '投资', '能力', '深刻影响', 'ROE', '市场', '参与', '主体', '机构', '化', '机构', '业务', '头部', '化', '产业', '集中度', '提升', '强化', '这一', '大势', '投行', '研究', '领域', '领先', '优势', '券商', '有望', '脱颖而出', '1985', '第一家', '证券公司', '成立', '中国', '证券', '行业', '经历', '五次', '并购', '浪潮', '包括', '银证', '分离', '1995', '1996', '增资', '扩股', '1999', '综合治理', '2004', '2007', '一参', '一控', '2008', '2010', '市场化', '并购', '中信', '并购', '整合', '历程', '代表性', '成功', '并购', '整合', '综合', '实力', '跨越式', '欧美', '发达国家', '证券', '行业', '经历', '兼并', '重组', '呈现出', '寡头', '垄断', '格局', '总体', '并购', '重组', '海外', '投行', '效益', '提升', '高盛', '历史', '几次', '并购', '发展', '起到', '关键', '作用', '海外', '经验', '证券公司', '资本', '优势', '转化', '利润', '优势', '※', '\xa0', '中国', '证券', '行业', '较佳', '并购', '整合', '期', '证券公司', '并购', '重组', '包括', '公司', '治理', '结构', '经营', '战略', '人力资源', '市场', '资源', '客户资源', '企业', '控制权', '整合', '全方位', '多元化', '系统工程', '成功', '并购', '整合', '公司', '整体', '战略', '导向', '寻找', '互补性', '强', '标的', '较强', '整合', '协同', '※', '\xa0', '投资', '建议', '优选', '龙头', '券商', '资本', '市场', '政策', '市场', '流动性', '经营', '业绩', '改善', '并购', '整合', '大幕', '开启', '证券', '行业', '强者', '恒强', '时代', '展开', '证券', '行业', '平均', '估值', '1.80', 'xPB', '大型', '券商', '估值', '1.0', '1.5', 'xPB', '之间', '行业', '历史', '估值', '中位数', '2.5', 'xPB', '2012', '推荐', '中信证券', '华泰', '证券', '海通', '证券', '国泰君安', '风险', '提示', '市场', '低迷', '导致', '业绩', '估值', '双重', '下滑', '并购', '整合', '效果', '不及', '预期', '证券', '研究', '报告', '证券', '证券', '行业', '并购', '重']"
33,"['并购', '证券', '投行', '整合', '行业', '证券公司', '业务']",37662,"['证券', '证券', '行业', '并购', '重组', '深度', '报告', '勇立', '潮头', '方显', '担当', '来源', '天风', '研究', '※', '\xa0', '一流', '投行', '肩负', '时代', '重任', '先', '做', '做', '强', '先取势', '取利', '经济', '动能', '转换', '时代', '背景', '资本', '市场', '定位', '前所未有', '高度', '中国', '高盛', '摩根士丹利', '承载', '中国', '资本', '市场', '核心', '功能', '打造', '高质量', '发展', '新', '引擎', '中国', '证券', '行业', '头部', '券商', '整体', '规模', '偏小', '证券业', '总资产', 'GDP', '金融业', '中', '占', '比过', '低', '证券', '行业', '盈利', '能力', 'ROE', '年份', '牛市', '外', '年份', '不及', '商业银行', '原因', '轻', '资产', '业务', '模式', '简单', '带来', '竞争', '加剧', '佣金', '率', '下降', '重', '资产', '业务', '偏向', '债权', '利差', '低', '杠杆', '倍数', '过低', '展望未来', '轻', '资产', '业务', '财富', '管理', '投行', '资管', '承载', '专业', '能力', '体现', '差异', '重', '资产', '业务', '自营', '资本', '中介', '过度', '聚焦', '债权', '投资', '融资', '融券', '股票', '质押', '加大', '股权', '投资', '比重', '过程', '中', '拥有', '产业', '投研', '能力', '产业', '资源优势', '证券公司', '做', '承担', '历史', '重任', '※', '\xa0', '大型', '证券公司', '未来', '一流', '投行', '盈利', '能力', '优势', '并购', '重组', '提升', '实力', '手段', '轻', '资产', '业务', '线均', '面临', '能力', '升级', '各家', '券商', '能力', '差异', '导致', '集中度', '提升', '重', '资产', '业务', '债权', '转向', '股权', '产业', '研究', '股权', '投资', '能力', '深刻影响', 'ROE', '市场', '参与', '主体', '机构', '化', '机构', '业务', '头部', '化', '产业', '集中度', '提升', '强化', '这一', '大势', '投行', '研究', '领域', '领先', '优势', '券商', '有望', '脱颖而出', '1985', '第一家', '证券公司', '成立', '中国', '证券', '行业', '经历', '五次', '并购', '浪潮', '包括', '银证', '分离', '1995', '1996', '增资', '扩股', '1999', '综合治理', '2004', '2007', '一参', '一控', '2008', '2010', '市场化', '并购', '中信', '并购', '整合', '历程', '代表性', '成功', '并购', '整合', '综合', '实力', '跨越式', '欧美', '发达国家', '证券', '行业', '经历', '兼并', '重组', '呈现出', '寡头', '垄断', '格局', '总体', '并购', '重组', '海外', '投行', '效益', '提升', '高盛', '历史', '几次', '并购', '发展', '起到', '关键', '作用', '海外', '经验', '证券公司', '资本', '优势', '转化', '利润', '优势', '※', '\xa0', '中国', '证券', '行业', '较佳', '并购', '整合', '期', '证券公司', '并购', '重组', '包括', '公司', '治理', '结构', '经营', '战略', '人力资源', '市场', '资源', '客户资源', '企业', '控制权', '整合', '全方位', '多元化', '系统工程', '成功', '并购', '整合', '公司', '整体', '战略', '导向', '寻找', '互补性', '强', '标的', '较强', '整合', '协同', '※', '\xa0', '投资', '建议', '优选', '龙头', '券商', '资本', '市场', '政策', '市场', '流动性', '经营', '业绩', '改善', '并购', '整合', '大幕', '开启', '证券', '行业', '强者', '恒强', '时代', '展开', '证券', '行业', '平均', '估值', '1.80', 'xPB', '大型', '券商', '估值', '1.0', '1.5', 'xPB', '之间', '行业', '历史', '估值', '中位数', '2.5', 'xPB', '2012', '推荐', '中信证券', '华泰', '证券', '海通', '证券', '国泰君安', '风险', '提示', '市场', '低迷', '导致', '业绩', '估值', '双重', '下滑', '并购', '整合', '效果', '不及', '预期', '证券', '研究', '报告', '证券', '证券', '行业', '并购', '重']"
34,"['并购', '证券', '投行', '整合', '行业', '证券公司', '业务']",37663,"['证券', '证券', '行业', '并购', '重组', '深度', '报告', '勇立', '潮头', '方显', '担当', '来源', '天风', '研究', '※', '\xa0', '一流', '投行', '肩负', '时代', '重任', '先', '做', '做', '强', '先取势', '取利', '经济', '动能', '转换', '时代', '背景', '资本', '市场', '定位', '前所未有', '高度', '中国', '高盛', '摩根士丹利', '承载', '中国', '资本', '市场', '核心', '功能', '打造', '高质量', '发展', '新', '引擎', '中国', '证券', '行业', '头部', '券商', '整体', '规模', '偏小', '证券业', '总资产', 'GDP', '金融业', '中', '占', '比过', '低', '证券', '行业', '盈利', '能力', 'ROE', '年份', '牛市', '外', '年份', '不及', '商业银行', '原因', '轻', '资产', '业务', '模式', '简单', '带来', '竞争', '加剧', '佣金', '率', '下降', '重', '资产', '业务', '偏向', '债权', '利差', '低', '杠杆', '倍数', '过低', '展望未来', '轻', '资产', '业务', '财富', '管理', '投行', '资管', '承载', '专业', '能力', '体现', '差异', '重', '资产', '业务', '自营', '资本', '中介', '过度', '聚焦', '债权', '投资', '融资', '融券', '股票', '质押', '加大', '股权', '投资', '比重', '过程', '中', '拥有', '产业', '投研', '能力', '产业', '资源优势', '证券公司', '做', '承担', '历史', '重任', '※', '\xa0', '大型', '证券公司', '未来', '一流', '投行', '盈利', '能力', '优势', '并购', '重组', '提升', '实力', '手段', '轻', '资产', '业务', '线均', '面临', '能力', '升级', '各家', '券商', '能力', '差异', '导致', '集中度', '提升', '重', '资产', '业务', '债权', '转向', '股权', '产业', '研究', '股权', '投资', '能力', '深刻影响', 'ROE', '市场', '参与', '主体', '机构', '化', '机构', '业务', '头部', '化', '产业', '集中度', '提升', '强化', '这一', '大势', '投行', '研究', '领域', '领先', '优势', '券商', '有望', '脱颖而出', '1985', '第一家', '证券公司', '成立', '中国', '证券', '行业', '经历', '五次', '并购', '浪潮', '包括', '银证', '分离', '1995', '1996', '增资', '扩股', '1999', '综合治理', '2004', '2007', '一参', '一控', '2008', '2010', '市场化', '并购', '中信', '并购', '整合', '历程', '代表性', '成功', '并购', '整合', '综合', '实力', '跨越式', '欧美', '发达国家', '证券', '行业', '经历', '兼并', '重组', '呈现出', '寡头', '垄断', '格局', '总体', '并购', '重组', '海外', '投行', '效益', '提升', '高盛', '历史', '几次', '并购', '发展', '起到', '关键', '作用', '海外', '经验', '证券公司', '资本', '优势', '转化', '利润', '优势', '※', '\xa0', '中国', '证券', '行业', '较佳', '并购', '整合', '期', '证券公司', '并购', '重组', '包括', '公司', '治理', '结构', '经营', '战略', '人力资源', '市场', '资源', '客户资源', '企业', '控制权', '整合', '全方位', '多元化', '系统工程', '成功', '并购', '整合', '公司', '整体', '战略', '导向', '寻找', '互补性', '强', '标的', '较强', '整合', '协同', '※', '\xa0', '投资', '建议', '优选', '龙头', '券商', '资本', '市场', '政策', '市场', '流动性', '经营', '业绩', '改善', '并购', '整合', '大幕', '开启', '证券', '行业', '强者', '恒强', '时代', '展开', '证券', '行业', '平均', '估值', '1.80', 'xPB', '大型', '券商', '估值', '1.0', '1.5', 'xPB', '之间', '行业', '历史', '估值', '中位数', '2.5', 'xPB', '2012', '推荐', '中信证券', '华泰', '证券', '海通', '证券', '国泰君安', '风险', '提示', '市场', '低迷', '导致', '业绩', '估值', '双重', '下滑', '并购', '整合', '效果', '不及', '预期', '证券', '研究', '报告', '证券', '证券', '行业', '并购', '重']"
